{"v":"5.6.10","fr":30,"ip":0,"op":48,"w":320,"h":360,"nm":"合成 1","ddd":0,"assets":[{"id":"image_0","w":320,"h":360,"u":"images/","p":"iron_0.png","e":0},{"id":"image_1","w":320,"h":360,"u":"images/","p":"iron_1.png","e":0},{"id":"image_2","w":320,"h":360,"u":"images/","p":"iron_2.png","e":0},{"id":"image_3","w":320,"h":360,"u":"images/","p":"iron_3.png","e":0},{"id":"image_4","w":320,"h":360,"u":"images/","p":"iron_4.png","e":0},{"id":"image_5","w":320,"h":360,"u":"images/","p":"iron_5.png","e":0},{"id":"image_6","w":320,"h":360,"u":"images/","p":"iron_6.png","e":0},{"id":"image_7","w":320,"h":360,"u":"images/","p":"iron_7.png","e":0},{"id":"image_8","w":320,"h":360,"u":"images/","p":"iron_8.png","e":0},{"id":"image_9","w":320,"h":360,"u":"images/","p":"iron_9.png","e":0},{"id":"image_10","w":320,"h":360,"u":"images/","p":"iron_10.png","e":0},{"id":"image_11","w":320,"h":360,"u":"images/","p":"iron_11.png","e":0},{"id":"image_12","w":320,"h":360,"u":"images/","p":"iron_12.png","e":0},{"id":"image_13","w":320,"h":360,"u":"images/","p":"iron_13.png","e":0},{"id":"image_14","w":320,"h":360,"u":"images/","p":"iron_14.png","e":0},{"id":"image_15","w":320,"h":360,"u":"images/","p":"iron_15.png","e":0},{"id":"image_16","w":320,"h":360,"u":"images/","p":"iron_16.png","e":0},{"id":"image_17","w":320,"h":360,"u":"images/","p":"iron_17.png","e":0},{"id":"image_18","w":320,"h":360,"u":"images/","p":"iron_18.png","e":0},{"id":"image_19","w":320,"h":360,"u":"images/","p":"iron_19.png","e":0},{"id":"image_20","w":320,"h":360,"u":"images/","p":"iron_20.png","e":0},{"id":"image_21","w":320,"h":360,"u":"images/","p":"iron_21.png","e":0},{"id":"image_22","w":320,"h":360,"u":"images/","p":"iron_22.png","e":0},{"id":"image_23","w":320,"h":360,"u":"images/","p":"iron_23.png","e":0},{"id":"image_24","w":320,"h":360,"u":"images/","p":"iron_24.png","e":0},{"id":"image_25","w":320,"h":360,"u":"images/","p":"iron_25.png","e":0},{"id":"image_26","w":320,"h":360,"u":"images/","p":"iron_26.png","e":0},{"id":"image_27","w":320,"h":360,"u":"images/","p":"iron_27.png","e":0},{"id":"image_28","w":320,"h":360,"u":"images/","p":"iron_28.png","e":0},{"id":"image_29","w":320,"h":360,"u":"images/","p":"iron_29.png","e":0},{"id":"image_30","w":320,"h":360,"u":"images/","p":"iron_30.png","e":0},{"id":"image_31","w":320,"h":360,"u":"images/","p":"iron_31.png","e":0},{"id":"image_32","w":320,"h":360,"u":"images/","p":"iron_32.png","e":0},{"id":"image_33","w":320,"h":360,"u":"images/","p":"iron_33.png","e":0},{"id":"image_34","w":320,"h":360,"u":"images/","p":"iron_34.png","e":0},{"id":"image_35","w":320,"h":360,"u":"images/","p":"iron_35.png","e":0},{"id":"image_36","w":320,"h":360,"u":"images/","p":"iron_36.png","e":0},{"id":"image_37","w":320,"h":360,"u":"images/","p":"iron_37.png","e":0},{"id":"image_38","w":320,"h":360,"u":"images/","p":"iron_38.png","e":0},{"id":"image_39","w":320,"h":360,"u":"images/","p":"iron_39.png","e":0},{"id":"image_40","w":320,"h":360,"u":"images/","p":"iron_40.png","e":0},{"id":"image_41","w":320,"h":360,"u":"images/","p":"iron_41.png","e":0},{"id":"image_42","w":320,"h":360,"u":"images/","p":"iron_42.png","e":0},{"id":"image_43","w":218,"h":218,"u":"images/","p":"iron_43.png","e":0},{"id":"image_44","w":69,"h":27,"u":"images/","p":"iron_44.png","e":0},{"id":"image_45","w":232,"h":78,"u":"images/","p":"iron_45.png","e":0},{"id":"image_46","w":160,"h":250,"u":"images/","p":"iron_46.png","e":0},{"id":"image_47","w":29,"h":44,"u":"images/","p":"iron_47.png","e":0},{"id":"image_48","w":104,"h":250,"u":"images/","p":"iron_48.png","e":0},{"id":"image_49","w":30,"h":43,"u":"images/","p":"iron_49.png","e":0},{"id":"image_50","w":69,"h":96,"u":"images/","p":"iron_50.png","e":0},{"id":"image_51","w":40,"h":54,"u":"images/","p":"iron_51.png","e":0},{"id":"image_52","w":83,"h":121,"u":"images/","p":"iron_52.png","e":0},{"id":"image_53","w":160,"h":144,"u":"images/","p":"iron_53.png","e":0},{"id":"image_54","w":52,"h":47,"u":"images/","p":"iron_54.png","e":0},{"id":"image_55","w":148,"h":169,"u":"images/","p":"iron_55.png","e":0},{"id":"image_56","w":277,"h":46,"u":"images/","p":"iron_56.png","e":0},{"id":"image_57","w":174,"h":59,"u":"images/","p":"iron_57.png","e":0},{"id":"comp_0","layers":[{"ddd":0,"ind":1,"ty":2,"nm":"矩形 2 拷贝 9","refId":"image_46","sr":1,"ks":{"o":{"a":0,"k":30.196,"ix":11},"r":{"a":0,"k":0,"ix":10},"p":{"a":0,"k":[80,125,0],"ix":2},"a":{"a":0,"k":[80,125,0],"ix":1},"s":{"a":0,"k":[100,100,100],"ix":6}},"ao":0,"hasMask":true,"masksProperties":[{"inv":false,"mode":"n","pt":{"a":0,"k":{"i":[[0,0],[0,0],[0,0],[0,0],[0,0],[0,0],[0,0],[0,0]],"o":[[0,0],[0,0],[0,0],[0,0],[0,0],[0,0],[0,0],[0,0]],"v":[[160,217.89],[99,236],[53,250],[0,202.468],[0,0],[0.566,0],[116,92],[160,144.25]],"c":true},"ix":1},"o":{"a":0,"k":100,"ix":3},"x":{"a":0,"k":0,"ix":4},"nm":"蒙版 1"}],"ip":0,"op":120,"st":0,"bm":0},{"ddd":0,"ind":2,"ty":2,"nm":"组 13","parent":3,"refId":"image_47","sr":1,"ks":{"o":{"a":0,"k":100,"ix":11},"r":{"a":0,"k":0,"ix":10},"p":{"a":1,"k":[{"i":{"x":0.58,"y":1},"o":{"x":0.001,"y":0},"t":10,"s":[-24.5,35,0],"e":[14.5,69,0],"to":[6.5,5.667,0],"ti":[-6.5,-5.667,0]},{"t":24}],"ix":2},"a":{"a":0,"k":[14.5,22,0],"ix":1},"s":{"a":0,"k":[100,100,100],"ix":6}},"ao":0,"ip":0,"op":120,"st":0,"bm":0},{"ddd":0,"ind":3,"ty":2,"nm":"左侧","refId":"image_48","sr":1,"ks":{"o":{"a":1,"k":[{"i":{"x":[0.833],"y":[0.833]},"o":{"x":[0.167],"y":[0.167]},"t":0,"s":[0],"e":[100]},{"t":3}],"ix":11},"r":{"a":0,"k":0,"ix":10},"p":{"a":1,"k":[{"i":{"x":0.58,"y":1},"o":{"x":0.42,"y":0},"t":0,"s":[-52,35,0],"e":[52,126,0],"to":[17.333,15.167,0],"ti":[-17.333,-15.167,0]},{"i":{"x":0.58,"y":0.58},"o":{"x":0.167,"y":0.167},"t":15,"s":[52,126,0],"e":[52,126,0],"to":[0,0,0],"ti":[0,0,0]},{"i":{"x":0.58,"y":1},"o":{"x":0.167,"y":0},"t":40,"s":[52,126,0],"e":[-52,35,0],"to":[-17.333,-15.167,0],"ti":[17.333,15.167,0]},{"t":48}],"ix":2},"a":{"a":0,"k":[52,125,0],"ix":1},"s":{"a":0,"k":[100,100,100],"ix":6}},"ao":0,"ip":0,"op":120,"st":0,"bm":0},{"ddd":0,"ind":4,"ty":2,"nm":"组 18","parent":5,"refId":"image_49","sr":1,"ks":{"o":{"a":0,"k":100,"ix":11},"r":{"a":0,"k":0,"ix":10},"p":{"a":0,"k":[24,22.5,0],"ix":2},"a":{"a":0,"k":[15,21.5,0],"ix":1},"s":{"a":0,"k":[100,100,100],"ix":6}},"ao":0,"ip":0,"op":120,"st":0,"bm":0},{"ddd":0,"ind":5,"ty":2,"nm":"5","refId":"image_50","sr":1,"ks":{"o":{"a":0,"k":100,"ix":11},"r":{"a":0,"k":0,"ix":10},"p":{"a":1,"k":[{"i":{"x":0.667,"y":1},"o":{"x":0.333,"y":0},"t":3,"s":[-20.5,385,0],"e":[25.5,327,0],"to":[7.667,-9.667,0],"ti":[-7.667,9.667,0]},{"i":{"x":0.667,"y":0.667},"o":{"x":0.333,"y":0.333},"t":15,"s":[25.5,327,0],"e":[25.5,327,0],"to":[0,0,0],"ti":[0,0,0]},{"i":{"x":0.667,"y":1},"o":{"x":0.333,"y":0},"t":40,"s":[25.5,327,0],"e":[-20.5,385,0],"to":[-7.667,9.667,0],"ti":[7.667,-9.667,0]},{"t":48}],"ix":2},"a":{"a":0,"k":[34.5,48,0],"ix":1},"s":{"a":0,"k":[100,100,100],"ix":6}},"ao":0,"ip":0,"op":120,"st":0,"bm":0},{"ddd":0,"ind":6,"ty":2,"nm":"组 16","parent":7,"refId":"image_51","sr":1,"ks":{"o":{"a":0,"k":100,"ix":11},"r":{"a":0,"k":0,"ix":10},"p":{"a":0,"k":[27,24,0],"ix":2},"a":{"a":0,"k":[20,27,0],"ix":1},"s":{"a":0,"k":[100,100,100],"ix":6}},"ao":0,"ip":0,"op":120,"st":0,"bm":0},{"ddd":0,"ind":7,"ty":2,"nm":"4","refId":"image_52","sr":1,"ks":{"o":{"a":0,"k":100,"ix":11},"r":{"a":0,"k":0,"ix":10},"p":{"a":1,"k":[{"i":{"x":0.667,"y":1},"o":{"x":0.333,"y":0},"t":0,"s":[-12.5,361.5,0],"e":[33.5,303.5,0],"to":[7.667,-9.667,0],"ti":[-7.667,9.667,0]},{"i":{"x":0.667,"y":0.667},"o":{"x":0.333,"y":0.333},"t":12,"s":[33.5,303.5,0],"e":[33.5,303.5,0],"to":[0,0,0],"ti":[0,0,0]},{"i":{"x":0.667,"y":1},"o":{"x":0.333,"y":0},"t":40,"s":[33.5,303.5,0],"e":[-12.5,361.5,0],"to":[-7.667,9.667,0],"ti":[7.667,-9.667,0]},{"t":48}],"ix":2},"a":{"a":0,"k":[41.5,60.5,0],"ix":1},"s":{"a":0,"k":[100,100,100],"ix":6}},"ao":0,"ip":0,"op":120,"st":0,"bm":0},{"ddd":0,"ind":8,"ty":2,"nm":"图层 1.png","cl":"png","refId":"image_53","sr":1,"ks":{"o":{"a":1,"k":[{"i":{"x":[0.58],"y":[1]},"o":{"x":[0.001],"y":[0]},"t":0,"s":[0],"e":[100]},{"i":{"x":[0.58],"y":[1]},"o":{"x":[0.167],"y":[0]},"t":14,"s":[100],"e":[100]},{"i":{"x":[0.58],"y":[1]},"o":{"x":[0.167],"y":[0]},"t":40,"s":[100],"e":[0]},{"t":43}],"ix":11},"r":{"a":0,"k":0,"ix":10},"p":{"a":0,"k":[160,273,0],"ix":2},"a":{"a":0,"k":[160,72,0],"ix":1},"s":{"a":1,"k":[{"i":{"x":[0.58,0.58,0.58],"y":[1,1,1]},"o":{"x":[0.001,0.001,0.001],"y":[0,0,0]},"t":0,"s":[54,54,100],"e":[100,100,100]},{"t":14}],"ix":6}},"ao":0,"ip":0,"op":120,"st":0,"bm":0},{"ddd":0,"ind":9,"ty":2,"nm":"黄色块","parent":10,"refId":"image_54","sr":1,"ks":{"o":{"a":1,"k":[{"i":{"x":[0.58],"y":[1]},"o":{"x":[0.001],"y":[0]},"t":17,"s":[0],"e":[100]},{"t":28}],"ix":11},"r":{"a":0,"k":0,"ix":10},"p":{"a":1,"k":[{"i":{"x":0.58,"y":1},"o":{"x":0.001,"y":0},"t":17,"s":[109.5,25.5,0],"e":[101,36.5,0],"to":[-1.417,1.833,0],"ti":[1.417,-1.833,0]},{"t":28}],"ix":2},"a":{"a":0,"k":[26,23.5,0],"ix":1},"s":{"a":0,"k":[100,100,100],"ix":6}},"ao":0,"ip":0,"op":120,"st":0,"bm":0},{"ddd":0,"ind":10,"ty":2,"nm":"组 15","refId":"image_55","sr":1,"ks":{"o":{"a":1,"k":[{"i":{"x":[0.833],"y":[0.833]},"o":{"x":[0.167],"y":[0.167]},"t":0,"s":[0],"e":[100]},{"t":3}],"ix":11},"r":{"a":0,"k":0,"ix":10},"p":{"a":1,"k":[{"i":{"x":0.58,"y":1},"o":{"x":0.42,"y":0},"t":0,"s":[-30,-6.5,0],"e":[74,84.5,0],"to":[17.333,15.167,0],"ti":[-17.333,-15.167,0]},{"i":{"x":0.58,"y":0.58},"o":{"x":0.167,"y":0.167},"t":12,"s":[74,84.5,0],"e":[74,84.5,0],"to":[0,0,0],"ti":[0,0,0]},{"i":{"x":0.58,"y":1},"o":{"x":0.167,"y":0},"t":40,"s":[74,84.5,0],"e":[-30,-6.5,0],"to":[-17.333,-15.167,0],"ti":[17.333,15.167,0]},{"t":48}],"ix":2},"a":{"a":0,"k":[74,84.5,0],"ix":1},"s":{"a":0,"k":[100,100,100],"ix":6}},"ao":0,"ip":0,"op":120,"st":0,"bm":0}]}],"layers":[{"ddd":0,"ind":1,"ty":2,"nm":"light_6.png","cl":"png","refId":"image_0","sr":1,"ks":{"o":{"a":0,"k":100,"ix":11},"r":{"a":0,"k":0,"ix":10},"p":{"a":0,"k":[160,180,0],"ix":2},"a":{"a":0,"k":[160,180,0],"ix":1},"s":{"a":0,"k":[100,100,100],"ix":6}},"ao":0,"ip":6,"op":7,"st":6,"bm":0},{"ddd":0,"ind":2,"ty":2,"nm":"light_7.png","cl":"png","refId":"image_1","sr":1,"ks":{"o":{"a":0,"k":100,"ix":11},"r":{"a":0,"k":0,"ix":10},"p":{"a":0,"k":[160,180,0],"ix":2},"a":{"a":0,"k":[160,180,0],"ix":1},"s":{"a":0,"k":[100,100,100],"ix":6}},"ao":0,"ip":7,"op":8,"st":7,"bm":0},{"ddd":0,"ind":3,"ty":2,"nm":"light_8.png","cl":"png","refId":"image_2","sr":1,"ks":{"o":{"a":0,"k":100,"ix":11},"r":{"a":0,"k":0,"ix":10},"p":{"a":0,"k":[160,180,0],"ix":2},"a":{"a":0,"k":[160,180,0],"ix":1},"s":{"a":0,"k":[100,100,100],"ix":6}},"ao":0,"ip":8,"op":9,"st":8,"bm":0},{"ddd":0,"ind":4,"ty":2,"nm":"light_9.png","cl":"png","refId":"image_3","sr":1,"ks":{"o":{"a":0,"k":100,"ix":11},"r":{"a":0,"k":0,"ix":10},"p":{"a":0,"k":[160,180,0],"ix":2},"a":{"a":0,"k":[160,180,0],"ix":1},"s":{"a":0,"k":[100,100,100],"ix":6}},"ao":0,"ip":9,"op":10,"st":9,"bm":0},{"ddd":0,"ind":5,"ty":2,"nm":"light_10.png","cl":"png","refId":"image_4","sr":1,"ks":{"o":{"a":0,"k":100,"ix":11},"r":{"a":0,"k":0,"ix":10},"p":{"a":0,"k":[160,180,0],"ix":2},"a":{"a":0,"k":[160,180,0],"ix":1},"s":{"a":0,"k":[100,100,100],"ix":6}},"ao":0,"ip":10,"op":11,"st":10,"bm":0},{"ddd":0,"ind":6,"ty":2,"nm":"light_11.png","cl":"png","refId":"image_5","sr":1,"ks":{"o":{"a":0,"k":100,"ix":11},"r":{"a":0,"k":0,"ix":10},"p":{"a":0,"k":[160,180,0],"ix":2},"a":{"a":0,"k":[160,180,0],"ix":1},"s":{"a":0,"k":[100,100,100],"ix":6}},"ao":0,"ip":11,"op":12,"st":11,"bm":0},{"ddd":0,"ind":7,"ty":2,"nm":"light_12.png","cl":"png","refId":"image_6","sr":1,"ks":{"o":{"a":0,"k":100,"ix":11},"r":{"a":0,"k":0,"ix":10},"p":{"a":0,"k":[160,180,0],"ix":2},"a":{"a":0,"k":[160,180,0],"ix":1},"s":{"a":0,"k":[100,100,100],"ix":6}},"ao":0,"ip":12,"op":13,"st":12,"bm":0},{"ddd":0,"ind":8,"ty":2,"nm":"light_13.png","cl":"png","refId":"image_7","sr":1,"ks":{"o":{"a":0,"k":100,"ix":11},"r":{"a":0,"k":0,"ix":10},"p":{"a":0,"k":[160,180,0],"ix":2},"a":{"a":0,"k":[160,180,0],"ix":1},"s":{"a":0,"k":[100,100,100],"ix":6}},"ao":0,"ip":13,"op":14,"st":13,"bm":0},{"ddd":0,"ind":9,"ty":2,"nm":"light_14.png","cl":"png","refId":"image_8","sr":1,"ks":{"o":{"a":0,"k":100,"ix":11},"r":{"a":0,"k":0,"ix":10},"p":{"a":0,"k":[160,180,0],"ix":2},"a":{"a":0,"k":[160,180,0],"ix":1},"s":{"a":0,"k":[100,100,100],"ix":6}},"ao":0,"ip":14,"op":15,"st":14,"bm":0},{"ddd":0,"ind":10,"ty":2,"nm":"light_15.png","cl":"png","refId":"image_9","sr":1,"ks":{"o":{"a":0,"k":100,"ix":11},"r":{"a":0,"k":0,"ix":10},"p":{"a":0,"k":[160,180,0],"ix":2},"a":{"a":0,"k":[160,180,0],"ix":1},"s":{"a":0,"k":[100,100,100],"ix":6}},"ao":0,"ip":15,"op":16,"st":15,"bm":0},{"ddd":0,"ind":11,"ty":2,"nm":"light_16.png","cl":"png","refId":"image_10","sr":1,"ks":{"o":{"a":0,"k":100,"ix":11},"r":{"a":0,"k":0,"ix":10},"p":{"a":0,"k":[160,180,0],"ix":2},"a":{"a":0,"k":[160,180,0],"ix":1},"s":{"a":0,"k":[100,100,100],"ix":6}},"ao":0,"ip":16,"op":17,"st":16,"bm":0},{"ddd":0,"ind":12,"ty":2,"nm":"light_17.png","cl":"png","refId":"image_11","sr":1,"ks":{"o":{"a":0,"k":100,"ix":11},"r":{"a":0,"k":0,"ix":10},"p":{"a":0,"k":[160,180,0],"ix":2},"a":{"a":0,"k":[160,180,0],"ix":1},"s":{"a":0,"k":[100,100,100],"ix":6}},"ao":0,"ip":17,"op":18,"st":17,"bm":0},{"ddd":0,"ind":13,"ty":2,"nm":"light_18.png","cl":"png","refId":"image_12","sr":1,"ks":{"o":{"a":0,"k":100,"ix":11},"r":{"a":0,"k":0,"ix":10},"p":{"a":0,"k":[160,180,0],"ix":2},"a":{"a":0,"k":[160,180,0],"ix":1},"s":{"a":0,"k":[100,100,100],"ix":6}},"ao":0,"ip":18,"op":19,"st":18,"bm":0},{"ddd":0,"ind":14,"ty":2,"nm":"light_19.png","cl":"png","refId":"image_13","sr":1,"ks":{"o":{"a":0,"k":100,"ix":11},"r":{"a":0,"k":0,"ix":10},"p":{"a":0,"k":[160,180,0],"ix":2},"a":{"a":0,"k":[160,180,0],"ix":1},"s":{"a":0,"k":[100,100,100],"ix":6}},"ao":0,"ip":19,"op":20,"st":19,"bm":0},{"ddd":0,"ind":15,"ty":2,"nm":"light_20.png","cl":"png","refId":"image_14","sr":1,"ks":{"o":{"a":0,"k":100,"ix":11},"r":{"a":0,"k":0,"ix":10},"p":{"a":0,"k":[160,180,0],"ix":2},"a":{"a":0,"k":[160,180,0],"ix":1},"s":{"a":0,"k":[100,100,100],"ix":6}},"ao":0,"ip":20,"op":21,"st":20,"bm":0},{"ddd":0,"ind":16,"ty":2,"nm":"light_21.png","cl":"png","refId":"image_15","sr":1,"ks":{"o":{"a":0,"k":100,"ix":11},"r":{"a":0,"k":0,"ix":10},"p":{"a":0,"k":[160,180,0],"ix":2},"a":{"a":0,"k":[160,180,0],"ix":1},"s":{"a":0,"k":[100,100,100],"ix":6}},"ao":0,"ip":21,"op":22,"st":21,"bm":0},{"ddd":0,"ind":17,"ty":2,"nm":"light_22.png","cl":"png","refId":"image_16","sr":1,"ks":{"o":{"a":0,"k":100,"ix":11},"r":{"a":0,"k":0,"ix":10},"p":{"a":0,"k":[160,180,0],"ix":2},"a":{"a":0,"k":[160,180,0],"ix":1},"s":{"a":0,"k":[100,100,100],"ix":6}},"ao":0,"ip":22,"op":23,"st":22,"bm":0},{"ddd":0,"ind":18,"ty":2,"nm":"light_23.png","cl":"png","refId":"image_17","sr":1,"ks":{"o":{"a":0,"k":100,"ix":11},"r":{"a":0,"k":0,"ix":10},"p":{"a":0,"k":[160,180,0],"ix":2},"a":{"a":0,"k":[160,180,0],"ix":1},"s":{"a":0,"k":[100,100,100],"ix":6}},"ao":0,"ip":23,"op":24,"st":23,"bm":0},{"ddd":0,"ind":19,"ty":2,"nm":"light_24.png","cl":"png","refId":"image_18","sr":1,"ks":{"o":{"a":0,"k":100,"ix":11},"r":{"a":0,"k":0,"ix":10},"p":{"a":0,"k":[160,180,0],"ix":2},"a":{"a":0,"k":[160,180,0],"ix":1},"s":{"a":0,"k":[100,100,100],"ix":6}},"ao":0,"ip":24,"op":25,"st":24,"bm":0},{"ddd":0,"ind":20,"ty":2,"nm":"light_25.png","cl":"png","refId":"image_19","sr":1,"ks":{"o":{"a":0,"k":100,"ix":11},"r":{"a":0,"k":0,"ix":10},"p":{"a":0,"k":[160,180,0],"ix":2},"a":{"a":0,"k":[160,180,0],"ix":1},"s":{"a":0,"k":[100,100,100],"ix":6}},"ao":0,"ip":25,"op":26,"st":25,"bm":0},{"ddd":0,"ind":21,"ty":2,"nm":"light_26.png","cl":"png","refId":"image_20","sr":1,"ks":{"o":{"a":0,"k":100,"ix":11},"r":{"a":0,"k":0,"ix":10},"p":{"a":0,"k":[160,180,0],"ix":2},"a":{"a":0,"k":[160,180,0],"ix":1},"s":{"a":0,"k":[100,100,100],"ix":6}},"ao":0,"ip":26,"op":27,"st":26,"bm":0},{"ddd":0,"ind":22,"ty":2,"nm":"light_27.png","cl":"png","refId":"image_21","sr":1,"ks":{"o":{"a":0,"k":100,"ix":11},"r":{"a":0,"k":0,"ix":10},"p":{"a":0,"k":[160,180,0],"ix":2},"a":{"a":0,"k":[160,180,0],"ix":1},"s":{"a":0,"k":[100,100,100],"ix":6}},"ao":0,"ip":27,"op":28,"st":27,"bm":0},{"ddd":0,"ind":23,"ty":2,"nm":"light_28.png","cl":"png","refId":"image_22","sr":1,"ks":{"o":{"a":0,"k":100,"ix":11},"r":{"a":0,"k":0,"ix":10},"p":{"a":0,"k":[160,180,0],"ix":2},"a":{"a":0,"k":[160,180,0],"ix":1},"s":{"a":0,"k":[100,100,100],"ix":6}},"ao":0,"ip":28,"op":29,"st":28,"bm":0},{"ddd":0,"ind":24,"ty":2,"nm":"light_29.png","cl":"png","refId":"image_23","sr":1,"ks":{"o":{"a":0,"k":100,"ix":11},"r":{"a":0,"k":0,"ix":10},"p":{"a":0,"k":[160,180,0],"ix":2},"a":{"a":0,"k":[160,180,0],"ix":1},"s":{"a":0,"k":[100,100,100],"ix":6}},"ao":0,"ip":29,"op":30,"st":29,"bm":0},{"ddd":0,"ind":25,"ty":2,"nm":"light_30.png","cl":"png","refId":"image_24","sr":1,"ks":{"o":{"a":0,"k":100,"ix":11},"r":{"a":0,"k":0,"ix":10},"p":{"a":0,"k":[160,180,0],"ix":2},"a":{"a":0,"k":[160,180,0],"ix":1},"s":{"a":0,"k":[100,100,100],"ix":6}},"ao":0,"ip":30,"op":31,"st":30,"bm":0},{"ddd":0,"ind":26,"ty":2,"nm":"light_31.png","cl":"png","refId":"image_25","sr":1,"ks":{"o":{"a":0,"k":100,"ix":11},"r":{"a":0,"k":0,"ix":10},"p":{"a":0,"k":[160,180,0],"ix":2},"a":{"a":0,"k":[160,180,0],"ix":1},"s":{"a":0,"k":[100,100,100],"ix":6}},"ao":0,"ip":31,"op":32,"st":31,"bm":0},{"ddd":0,"ind":27,"ty":2,"nm":"light_32.png","cl":"png","refId":"image_26","sr":1,"ks":{"o":{"a":0,"k":100,"ix":11},"r":{"a":0,"k":0,"ix":10},"p":{"a":0,"k":[160,180,0],"ix":2},"a":{"a":0,"k":[160,180,0],"ix":1},"s":{"a":0,"k":[100,100,100],"ix":6}},"ao":0,"ip":32,"op":33,"st":32,"bm":0},{"ddd":0,"ind":28,"ty":2,"nm":"light_33.png","cl":"png","refId":"image_27","sr":1,"ks":{"o":{"a":0,"k":100,"ix":11},"r":{"a":0,"k":0,"ix":10},"p":{"a":0,"k":[160,180,0],"ix":2},"a":{"a":0,"k":[160,180,0],"ix":1},"s":{"a":0,"k":[100,100,100],"ix":6}},"ao":0,"ip":33,"op":34,"st":33,"bm":0},{"ddd":0,"ind":29,"ty":2,"nm":"light_34.png","cl":"png","refId":"image_28","sr":1,"ks":{"o":{"a":0,"k":100,"ix":11},"r":{"a":0,"k":0,"ix":10},"p":{"a":0,"k":[160,180,0],"ix":2},"a":{"a":0,"k":[160,180,0],"ix":1},"s":{"a":0,"k":[100,100,100],"ix":6}},"ao":0,"ip":34,"op":35,"st":34,"bm":0},{"ddd":0,"ind":30,"ty":2,"nm":"light_35.png","cl":"png","refId":"image_29","sr":1,"ks":{"o":{"a":0,"k":100,"ix":11},"r":{"a":0,"k":0,"ix":10},"p":{"a":0,"k":[160,180,0],"ix":2},"a":{"a":0,"k":[160,180,0],"ix":1},"s":{"a":0,"k":[100,100,100],"ix":6}},"ao":0,"ip":35,"op":36,"st":35,"bm":0},{"ddd":0,"ind":31,"ty":2,"nm":"light_36.png","cl":"png","refId":"image_30","sr":1,"ks":{"o":{"a":0,"k":100,"ix":11},"r":{"a":0,"k":0,"ix":10},"p":{"a":0,"k":[160,180,0],"ix":2},"a":{"a":0,"k":[160,180,0],"ix":1},"s":{"a":0,"k":[100,100,100],"ix":6}},"ao":0,"ip":36,"op":37,"st":36,"bm":0},{"ddd":0,"ind":32,"ty":2,"nm":"light_37.png","cl":"png","refId":"image_31","sr":1,"ks":{"o":{"a":0,"k":100,"ix":11},"r":{"a":0,"k":0,"ix":10},"p":{"a":0,"k":[160,180,0],"ix":2},"a":{"a":0,"k":[160,180,0],"ix":1},"s":{"a":0,"k":[100,100,100],"ix":6}},"ao":0,"ip":37,"op":38,"st":37,"bm":0},{"ddd":0,"ind":33,"ty":2,"nm":"light_38.png","cl":"png","refId":"image_32","sr":1,"ks":{"o":{"a":0,"k":100,"ix":11},"r":{"a":0,"k":0,"ix":10},"p":{"a":0,"k":[160,180,0],"ix":2},"a":{"a":0,"k":[160,180,0],"ix":1},"s":{"a":0,"k":[100,100,100],"ix":6}},"ao":0,"ip":38,"op":39,"st":38,"bm":0},{"ddd":0,"ind":34,"ty":2,"nm":"light_39.png","cl":"png","refId":"image_33","sr":1,"ks":{"o":{"a":0,"k":100,"ix":11},"r":{"a":0,"k":0,"ix":10},"p":{"a":0,"k":[160,180,0],"ix":2},"a":{"a":0,"k":[160,180,0],"ix":1},"s":{"a":0,"k":[100,100,100],"ix":6}},"ao":0,"ip":39,"op":40,"st":39,"bm":0},{"ddd":0,"ind":35,"ty":2,"nm":"light_40.png","cl":"png","refId":"image_34","sr":1,"ks":{"o":{"a":0,"k":100,"ix":11},"r":{"a":0,"k":0,"ix":10},"p":{"a":0,"k":[160,180,0],"ix":2},"a":{"a":0,"k":[160,180,0],"ix":1},"s":{"a":0,"k":[100,100,100],"ix":6}},"ao":0,"ip":40,"op":41,"st":40,"bm":0},{"ddd":0,"ind":36,"ty":2,"nm":"light_41.png","cl":"png","refId":"image_35","sr":1,"ks":{"o":{"a":0,"k":100,"ix":11},"r":{"a":0,"k":0,"ix":10},"p":{"a":0,"k":[160,180,0],"ix":2},"a":{"a":0,"k":[160,180,0],"ix":1},"s":{"a":0,"k":[100,100,100],"ix":6}},"ao":0,"ip":41,"op":42,"st":41,"bm":0},{"ddd":0,"ind":37,"ty":2,"nm":"light_42.png","cl":"png","refId":"image_36","sr":1,"ks":{"o":{"a":0,"k":100,"ix":11},"r":{"a":0,"k":0,"ix":10},"p":{"a":0,"k":[160,180,0],"ix":2},"a":{"a":0,"k":[160,180,0],"ix":1},"s":{"a":0,"k":[100,100,100],"ix":6}},"ao":0,"ip":42,"op":43,"st":42,"bm":0},{"ddd":0,"ind":38,"ty":2,"nm":"light_43.png","cl":"png","refId":"image_37","sr":1,"ks":{"o":{"a":0,"k":100,"ix":11},"r":{"a":0,"k":0,"ix":10},"p":{"a":0,"k":[160,180,0],"ix":2},"a":{"a":0,"k":[160,180,0],"ix":1},"s":{"a":0,"k":[100,100,100],"ix":6}},"ao":0,"ip":43,"op":44,"st":43,"bm":0},{"ddd":0,"ind":39,"ty":2,"nm":"light_44.png","cl":"png","refId":"image_38","sr":1,"ks":{"o":{"a":0,"k":100,"ix":11},"r":{"a":0,"k":0,"ix":10},"p":{"a":0,"k":[160,180,0],"ix":2},"a":{"a":0,"k":[160,180,0],"ix":1},"s":{"a":0,"k":[100,100,100],"ix":6}},"ao":0,"ip":44,"op":45,"st":44,"bm":0},{"ddd":0,"ind":40,"ty":2,"nm":"light_45.png","cl":"png","refId":"image_39","sr":1,"ks":{"o":{"a":0,"k":100,"ix":11},"r":{"a":0,"k":0,"ix":10},"p":{"a":0,"k":[160,180,0],"ix":2},"a":{"a":0,"k":[160,180,0],"ix":1},"s":{"a":0,"k":[100,100,100],"ix":6}},"ao":0,"ip":45,"op":46,"st":45,"bm":0},{"ddd":0,"ind":41,"ty":2,"nm":"light_46.png","cl":"png","refId":"image_40","sr":1,"ks":{"o":{"a":0,"k":100,"ix":11},"r":{"a":0,"k":0,"ix":10},"p":{"a":0,"k":[160,180,0],"ix":2},"a":{"a":0,"k":[160,180,0],"ix":1},"s":{"a":0,"k":[100,100,100],"ix":6}},"ao":0,"ip":46,"op":47,"st":46,"bm":0},{"ddd":0,"ind":42,"ty":2,"nm":"light_47.png","cl":"png","refId":"image_41","sr":1,"ks":{"o":{"a":0,"k":100,"ix":11},"r":{"a":0,"k":0,"ix":10},"p":{"a":0,"k":[160,180,0],"ix":2},"a":{"a":0,"k":[160,180,0],"ix":1},"s":{"a":0,"k":[100,100,100],"ix":6}},"ao":0,"ip":47,"op":48,"st":47,"bm":0},{"ddd":0,"ind":43,"ty":2,"nm":"light_48.png","cl":"png","refId":"image_42","sr":1,"ks":{"o":{"a":0,"k":100,"ix":11},"r":{"a":0,"k":0,"ix":10},"p":{"a":0,"k":[160,180,0],"ix":2},"a":{"a":0,"k":[160,180,0],"ix":1},"s":{"a":0,"k":[100,100,100],"ix":6}},"ao":0,"ip":48,"op":49,"st":48,"bm":0},{"ddd":0,"ind":44,"ty":2,"nm":"中间圆","refId":"image_43","sr":1,"ks":{"o":{"a":1,"k":[{"i":{"x":[0.833],"y":[0.833]},"o":{"x":[0.167],"y":[0.167]},"t":0,"s":[0],"e":[100]},{"i":{"x":[0.833],"y":[0.833]},"o":{"x":[0.167],"y":[0.167]},"t":10,"s":[100],"e":[100]},{"i":{"x":[0.833],"y":[0.833]},"o":{"x":[0.167],"y":[0.167]},"t":40,"s":[100],"e":[0]},{"t":47}],"ix":11},"r":{"a":1,"k":[{"i":{"x":[0.667],"y":[1]},"o":{"x":[0.333],"y":[0]},"t":0,"s":[-180],"e":[0]},{"t":30}],"ix":10},"p":{"a":0,"k":[160,181,0],"ix":2},"a":{"a":0,"k":[109,109,0],"ix":1},"s":{"a":0,"k":[100,100,100],"ix":6}},"ao":0,"ip":0,"op":120,"st":0,"bm":0},{"ddd":0,"ind":45,"ty":2,"nm":"顶部装饰","parent":46,"refId":"image_44","sr":1,"ks":{"o":{"a":0,"k":100,"ix":11},"r":{"a":0,"k":0,"ix":10},"p":{"a":1,"k":[{"i":{"x":0.58,"y":1},"o":{"x":0.001,"y":0},"t":10,"s":[114.5,-24.5,0],"e":[114.5,13.5,0],"to":[0,0,0],"ti":[0,0,0]},{"t":20}],"ix":2},"a":{"a":0,"k":[34.5,13.5,0],"ix":1},"s":{"a":0,"k":[100,100,100],"ix":6}},"ao":0,"ip":0,"op":120,"st":0,"bm":0},{"ddd":0,"ind":46,"ty":2,"nm":"组 14","refId":"image_45","sr":1,"ks":{"o":{"a":1,"k":[{"i":{"x":[0.833],"y":[0.833]},"o":{"x":[0.167],"y":[0.167]},"t":40,"s":[100],"e":[0]},{"t":48}],"ix":11},"r":{"a":0,"k":0,"ix":10},"p":{"a":1,"k":[{"i":{"x":0.58,"y":1},"o":{"x":0.42,"y":0},"t":0,"s":[161,-47,0],"e":[161,39,0],"to":[0,14.333,0],"ti":[0,-14.333,0]},{"i":{"x":0.58,"y":0.58},"o":{"x":0.42,"y":0.42},"t":15,"s":[161,39,0],"e":[161,39,0],"to":[0,0,0],"ti":[0,0,0]},{"i":{"x":0.833,"y":1},"o":{"x":0.42,"y":0},"t":40,"s":[161,39,0],"e":[161,-47,0],"to":[0,-14.333,0],"ti":[0,14.333,0]},{"t":48}],"ix":2},"a":{"a":0,"k":[116,39,0],"ix":1},"s":{"a":0,"k":[100,100,100],"ix":6}},"ao":0,"ip":0,"op":120,"st":0,"bm":0},{"ddd":0,"ind":47,"ty":0,"nm":"预合成 4","refId":"comp_0","sr":1,"ks":{"o":{"a":1,"k":[{"i":{"x":[0.833],"y":[0.833]},"o":{"x":[0.167],"y":[0.167]},"t":40,"s":[100],"e":[0]},{"t":50}],"ix":11},"r":{"a":0,"k":0,"ix":10},"p":{"a":0,"k":[160,180,0],"ix":2},"a":{"a":0,"k":[160,180,0],"ix":1},"s":{"a":0,"k":[-100,100,100],"ix":6}},"ao":0,"w":320,"h":360,"ip":0,"op":120,"st":0,"bm":0},{"ddd":0,"ind":48,"ty":0,"nm":"预合成 4","refId":"comp_0","sr":1,"ks":{"o":{"a":1,"k":[{"i":{"x":[0.833],"y":[0.833]},"o":{"x":[0.167],"y":[0.167]},"t":40,"s":[100],"e":[0]},{"t":50}],"ix":11},"r":{"a":0,"k":0,"ix":10},"p":{"a":0,"k":[160,180,0],"ix":2},"a":{"a":0,"k":[160,180,0],"ix":1},"s":{"a":0,"k":[100,100,100],"ix":6}},"ao":0,"w":320,"h":360,"ip":0,"op":120,"st":0,"bm":0},{"ddd":0,"ind":49,"ty":2,"nm":"1","refId":"image_56","sr":1,"ks":{"o":{"a":1,"k":[{"i":{"x":[0.58],"y":[1]},"o":{"x":[0.001],"y":[0]},"t":8,"s":[0],"e":[100]},{"i":{"x":[0.833],"y":[1]},"o":{"x":[0.167],"y":[0]},"t":18,"s":[100],"e":[100]},{"i":{"x":[0.833],"y":[1]},"o":{"x":[0.167],"y":[0]},"t":40,"s":[100],"e":[0]},{"t":48}],"ix":11},"r":{"a":0,"k":0,"ix":10},"p":{"a":1,"k":[{"i":{"x":0.58,"y":1},"o":{"x":0.001,"y":0},"t":8,"s":[161.5,385,0],"e":[161.5,338,0],"to":[0,-7.833,0],"ti":[0,7.833,0]},{"i":{"x":0.58,"y":0.58},"o":{"x":0.167,"y":0.167},"t":18,"s":[161.5,338,0],"e":[161.5,338,0],"to":[0,0,0],"ti":[0,0,0]},{"i":{"x":0.833,"y":1},"o":{"x":0.167,"y":0},"t":40,"s":[161.5,338,0],"e":[161.5,385,0],"to":[0,7.833,0],"ti":[0,-7.833,0]},{"t":48}],"ix":2},"a":{"a":0,"k":[138.5,23,0],"ix":1},"s":{"a":0,"k":[100,100,100],"ix":6}},"ao":0,"ip":0,"op":120,"st":0,"bm":0},{"ddd":0,"ind":50,"ty":2,"nm":"2","refId":"image_57","sr":1,"ks":{"o":{"a":1,"k":[{"i":{"x":[0.667],"y":[1]},"o":{"x":[0.333],"y":[0]},"t":8,"s":[0],"e":[100]},{"i":{"x":[0.833],"y":[1]},"o":{"x":[0.167],"y":[0]},"t":18,"s":[100],"e":[100]},{"i":{"x":[0.833],"y":[1]},"o":{"x":[0.167],"y":[0]},"t":40,"s":[100],"e":[0]},{"t":41}],"ix":11},"r":{"a":0,"k":0,"ix":10},"p":{"a":0,"k":[159,296,0],"ix":2},"a":{"a":0,"k":[87,0,0],"ix":1},"s":{"a":1,"k":[{"i":{"x":[0.667,0.667,0.667],"y":[1,1,1]},"o":{"x":[0.333,0.333,0.333],"y":[0,0,0]},"t":8,"s":[65,65,100],"e":[100,100,100]},{"t":18}],"ix":6}},"ao":0,"ip":0,"op":120,"st":0,"bm":0},{"ddd":0,"ind":51,"ty":1,"nm":"黑色 纯色 3","sr":1,"ks":{"o":{"a":1,"k":[{"i":{"x":[0.833],"y":[0.833]},"o":{"x":[0.167],"y":[0.167]},"t":40,"s":[100],"e":[0]},{"t":47}],"ix":11},"r":{"a":0,"k":0,"ix":10},"p":{"a":0,"k":[160,180,0],"ix":2},"a":{"a":0,"k":[160,180,0],"ix":1},"s":{"a":0,"k":[100,100,100],"ix":6}},"ao":0,"sw":320,"sh":360,"sc":"#000000","ip":0,"op":120,"st":0,"bm":0}],"markers":[{"tm":15,"cm":"1","dr":0},{"tm":21,"cm":"2","dr":0},{"tm":48,"cm":"3","dr":0}]}