{"v":"5.6.6","fr":25,"ip":0,"op":18,"w":320,"h":360,"nm":"关闭","ddd":0,"assets":[{"id":"image_0","w":320,"h":360,"u":"images/","p":"liuti_17.png","e":0},{"id":"image_1","w":320,"h":360,"u":"images/","p":"liuti_16.png","e":0},{"id":"image_2","w":320,"h":360,"u":"images/","p":"liuti_15.png","e":0},{"id":"image_3","w":320,"h":360,"u":"images/","p":"liuti_14.png","e":0},{"id":"image_4","w":320,"h":360,"u":"images/","p":"liuti_13.png","e":0},{"id":"image_5","w":320,"h":360,"u":"images/","p":"liuti_12.png","e":0},{"id":"image_6","w":320,"h":360,"u":"images/","p":"liuti_11.png","e":0},{"id":"image_7","w":320,"h":360,"u":"images/","p":"liuti_10.png","e":0},{"id":"image_8","w":320,"h":360,"u":"images/","p":"liuti_09.png","e":0},{"id":"image_9","w":320,"h":360,"u":"images/","p":"liuti_08.png","e":0},{"id":"image_10","w":320,"h":360,"u":"images/","p":"liuti_07.png","e":0},{"id":"image_11","w":320,"h":360,"u":"images/","p":"liuti_06.png","e":0},{"id":"image_12","w":320,"h":360,"u":"images/","p":"liuti_05.png","e":0},{"id":"image_13","w":320,"h":360,"u":"images/","p":"liuti_04.png","e":0},{"id":"image_14","w":320,"h":360,"u":"images/","p":"liuti_03.png","e":0},{"id":"image_15","w":320,"h":360,"u":"images/","p":"liuti_02.png","e":0},{"id":"image_16","w":320,"h":360,"u":"images/","p":"liuti_01.png","e":0},{"id":"image_17","w":320,"h":360,"u":"images/","p":"liuti_00.png","e":0}],"layers":[{"ddd":0,"ind":1,"ty":2,"nm":"liuti_17.png","cl":"png","refId":"image_0","sr":1,"ks":{"o":{"a":0,"k":100,"ix":11},"r":{"a":0,"k":0,"ix":10},"p":{"a":0,"k":[160,180,0],"ix":2},"a":{"a":0,"k":[160,180,0],"ix":1},"s":{"a":0,"k":[100,100,100],"ix":6}},"ao":0,"ip":17,"op":18,"st":17,"bm":0},{"ddd":0,"ind":2,"ty":2,"nm":"liuti_16.png","cl":"png","refId":"image_1","sr":1,"ks":{"o":{"a":0,"k":100,"ix":11},"r":{"a":0,"k":0,"ix":10},"p":{"a":0,"k":[160,180,0],"ix":2},"a":{"a":0,"k":[160,180,0],"ix":1},"s":{"a":0,"k":[100,100,100],"ix":6}},"ao":0,"ip":16,"op":17,"st":16,"bm":0},{"ddd":0,"ind":3,"ty":2,"nm":"liuti_15.png","cl":"png","refId":"image_2","sr":1,"ks":{"o":{"a":0,"k":100,"ix":11},"r":{"a":0,"k":0,"ix":10},"p":{"a":0,"k":[160,180,0],"ix":2},"a":{"a":0,"k":[160,180,0],"ix":1},"s":{"a":0,"k":[100,100,100],"ix":6}},"ao":0,"ip":15,"op":16,"st":15,"bm":0},{"ddd":0,"ind":4,"ty":2,"nm":"liuti_14.png","cl":"png","refId":"image_3","sr":1,"ks":{"o":{"a":0,"k":100,"ix":11},"r":{"a":0,"k":0,"ix":10},"p":{"a":0,"k":[160,180,0],"ix":2},"a":{"a":0,"k":[160,180,0],"ix":1},"s":{"a":0,"k":[100,100,100],"ix":6}},"ao":0,"ip":14,"op":15,"st":14,"bm":0},{"ddd":0,"ind":5,"ty":2,"nm":"liuti_13.png","cl":"png","refId":"image_4","sr":1,"ks":{"o":{"a":0,"k":100,"ix":11},"r":{"a":0,"k":0,"ix":10},"p":{"a":0,"k":[160,180,0],"ix":2},"a":{"a":0,"k":[160,180,0],"ix":1},"s":{"a":0,"k":[100,100,100],"ix":6}},"ao":0,"ip":13,"op":14,"st":13,"bm":0},{"ddd":0,"ind":6,"ty":2,"nm":"liuti_12.png","cl":"png","refId":"image_5","sr":1,"ks":{"o":{"a":0,"k":100,"ix":11},"r":{"a":0,"k":0,"ix":10},"p":{"a":0,"k":[160,180,0],"ix":2},"a":{"a":0,"k":[160,180,0],"ix":1},"s":{"a":0,"k":[100,100,100],"ix":6}},"ao":0,"ip":12,"op":13,"st":12,"bm":0},{"ddd":0,"ind":7,"ty":2,"nm":"liuti_11.png","cl":"png","refId":"image_6","sr":1,"ks":{"o":{"a":0,"k":100,"ix":11},"r":{"a":0,"k":0,"ix":10},"p":{"a":0,"k":[160,180,0],"ix":2},"a":{"a":0,"k":[160,180,0],"ix":1},"s":{"a":0,"k":[100,100,100],"ix":6}},"ao":0,"ip":11,"op":12,"st":11,"bm":0},{"ddd":0,"ind":8,"ty":2,"nm":"liuti_10.png","cl":"png","refId":"image_7","sr":1,"ks":{"o":{"a":0,"k":100,"ix":11},"r":{"a":0,"k":0,"ix":10},"p":{"a":0,"k":[160,180,0],"ix":2},"a":{"a":0,"k":[160,180,0],"ix":1},"s":{"a":0,"k":[100,100,100],"ix":6}},"ao":0,"ip":10,"op":11,"st":10,"bm":0},{"ddd":0,"ind":9,"ty":2,"nm":"liuti_09.png","cl":"png","refId":"image_8","sr":1,"ks":{"o":{"a":0,"k":100,"ix":11},"r":{"a":0,"k":0,"ix":10},"p":{"a":0,"k":[160,180,0],"ix":2},"a":{"a":0,"k":[160,180,0],"ix":1},"s":{"a":0,"k":[100,100,100],"ix":6}},"ao":0,"ip":9,"op":10,"st":9,"bm":0},{"ddd":0,"ind":10,"ty":2,"nm":"liuti_08.png","cl":"png","refId":"image_9","sr":1,"ks":{"o":{"a":0,"k":100,"ix":11},"r":{"a":0,"k":0,"ix":10},"p":{"a":0,"k":[160,180,0],"ix":2},"a":{"a":0,"k":[160,180,0],"ix":1},"s":{"a":0,"k":[100,100,100],"ix":6}},"ao":0,"ip":8,"op":9,"st":8,"bm":0},{"ddd":0,"ind":11,"ty":2,"nm":"liuti_07.png","cl":"png","refId":"image_10","sr":1,"ks":{"o":{"a":0,"k":100,"ix":11},"r":{"a":0,"k":0,"ix":10},"p":{"a":0,"k":[160,180,0],"ix":2},"a":{"a":0,"k":[160,180,0],"ix":1},"s":{"a":0,"k":[100,100,100],"ix":6}},"ao":0,"ip":7,"op":8,"st":7,"bm":0},{"ddd":0,"ind":12,"ty":2,"nm":"liuti_06.png","cl":"png","refId":"image_11","sr":1,"ks":{"o":{"a":0,"k":100,"ix":11},"r":{"a":0,"k":0,"ix":10},"p":{"a":0,"k":[160,180,0],"ix":2},"a":{"a":0,"k":[160,180,0],"ix":1},"s":{"a":0,"k":[100,100,100],"ix":6}},"ao":0,"ip":6,"op":7,"st":6,"bm":0},{"ddd":0,"ind":13,"ty":2,"nm":"liuti_05.png","cl":"png","refId":"image_12","sr":1,"ks":{"o":{"a":0,"k":100,"ix":11},"r":{"a":0,"k":0,"ix":10},"p":{"a":0,"k":[160,180,0],"ix":2},"a":{"a":0,"k":[160,180,0],"ix":1},"s":{"a":0,"k":[100,100,100],"ix":6}},"ao":0,"ip":5,"op":6,"st":5,"bm":0},{"ddd":0,"ind":14,"ty":2,"nm":"liuti_04.png","cl":"png","refId":"image_13","sr":1,"ks":{"o":{"a":0,"k":100,"ix":11},"r":{"a":0,"k":0,"ix":10},"p":{"a":0,"k":[160,180,0],"ix":2},"a":{"a":0,"k":[160,180,0],"ix":1},"s":{"a":0,"k":[100,100,100],"ix":6}},"ao":0,"ip":4,"op":5,"st":4,"bm":0},{"ddd":0,"ind":15,"ty":2,"nm":"liuti_03.png","cl":"png","refId":"image_14","sr":1,"ks":{"o":{"a":0,"k":100,"ix":11},"r":{"a":0,"k":0,"ix":10},"p":{"a":0,"k":[160,180,0],"ix":2},"a":{"a":0,"k":[160,180,0],"ix":1},"s":{"a":0,"k":[100,100,100],"ix":6}},"ao":0,"ip":3,"op":4,"st":3,"bm":0},{"ddd":0,"ind":16,"ty":2,"nm":"liuti_02.png","cl":"png","refId":"image_15","sr":1,"ks":{"o":{"a":0,"k":100,"ix":11},"r":{"a":0,"k":0,"ix":10},"p":{"a":0,"k":[160,180,0],"ix":2},"a":{"a":0,"k":[160,180,0],"ix":1},"s":{"a":0,"k":[100,100,100],"ix":6}},"ao":0,"ip":2,"op":3,"st":2,"bm":0},{"ddd":0,"ind":17,"ty":2,"nm":"liuti_01.png","cl":"png","refId":"image_16","sr":1,"ks":{"o":{"a":0,"k":100,"ix":11},"r":{"a":0,"k":0,"ix":10},"p":{"a":0,"k":[160,180,0],"ix":2},"a":{"a":0,"k":[160,180,0],"ix":1},"s":{"a":0,"k":[100,100,100],"ix":6}},"ao":0,"ip":1,"op":2,"st":1,"bm":0},{"ddd":0,"ind":18,"ty":2,"nm":"liuti_00.png","cl":"png","refId":"image_17","sr":1,"ks":{"o":{"a":0,"k":100,"ix":11},"r":{"a":0,"k":0,"ix":10},"p":{"a":0,"k":[160,180,0],"ix":2},"a":{"a":0,"k":[160,180,0],"ix":1},"s":{"a":0,"k":[100,100,100],"ix":6}},"ao":0,"ip":0,"op":1,"st":0,"bm":0}],"markers":[]}