{"v":"5.6.10","fr":25,"ip":0,"op":38,"w":320,"h":360,"nm":"机械革命装置联动 2","ddd":0,"assets":[{"id":"image_0","w":320,"h":360,"u":"images/","p":"jxgm_0.png","e":0},{"id":"image_1","w":320,"h":360,"u":"images/","p":"jxgm_1.png","e":0},{"id":"image_2","w":189,"h":246,"u":"images/","p":"jxgm_2.png","e":0},{"id":"image_3","w":28,"h":8,"u":"images/","p":"jxgm_3.png","e":0},{"id":"image_4","w":21,"h":6,"u":"images/","p":"jxgm_4.png","e":0},{"id":"image_5","w":13,"h":4,"u":"images/","p":"jxgm_5.png","e":0},{"id":"image_6","w":29,"h":16,"u":"images/","p":"jxgm_6.png","e":0},{"id":"image_7","w":55,"h":30,"u":"images/","p":"jxgm_7.png","e":0},{"id":"image_8","w":84,"h":46,"u":"images/","p":"jxgm_8.png","e":0},{"id":"image_9","w":58,"h":27,"u":"images/","p":"jxgm_9.png","e":0},{"id":"image_10","w":58,"h":27,"u":"images/","p":"jxgm_10.png","e":0},{"id":"image_11","w":130,"h":34,"u":"images/","p":"jxgm_11.png","e":0},{"id":"image_12","w":58,"h":82,"u":"images/","p":"jxgm_12.png","e":0},{"id":"image_13","w":320,"h":360,"u":"images/","p":"jxgm_13.png","e":0},{"id":"image_14","w":101,"h":135,"u":"images/","p":"jxgm_14.png","e":0},{"id":"image_15","w":101,"h":161,"u":"images/","p":"jxgm_15.png","e":0},{"id":"image_16","w":320,"h":360,"u":"images/","p":"jxgm_16.png","e":0},{"id":"image_17","w":24,"h":35,"u":"images/","p":"jxgm_17.png","e":0},{"id":"image_18","w":28,"h":41,"u":"images/","p":"jxgm_18.png","e":0},{"id":"image_19","w":28,"h":41,"u":"images/","p":"jxgm_19.png","e":0},{"id":"image_20","w":114,"h":132,"u":"images/","p":"jxgm_20.png","e":0},{"id":"image_21","w":320,"h":360,"u":"images/","p":"jxgm_21.png","e":0},{"id":"image_22","w":122,"h":144,"u":"images/","p":"jxgm_22.png","e":0},{"id":"image_23","w":67,"h":98,"u":"images/","p":"jxgm_23.png","e":0},{"id":"comp_0","layers":[{"ddd":0,"ind":1,"ty":2,"nm":"1","refId":"image_3","sr":1,"ks":{"o":{"a":1,"k":[{"i":{"x":[0.833],"y":[0.833]},"o":{"x":[0.167],"y":[0.167]},"t":30,"s":[100],"e":[0]},{"t":37}],"ix":11},"r":{"a":0,"k":0,"ix":10},"p":{"a":0,"k":[160,114,0],"ix":2},"a":{"a":0,"k":[14,4,0],"ix":1},"s":{"a":1,"k":[{"i":{"x":[0.58,0.58,0.58],"y":[1,1,1]},"o":{"x":[0.42,0.42,0.42],"y":[0,0,0]},"t":9,"s":[0,0,100],"e":[100,100,100]},{"i":{"x":[0.58,0.58,0.58],"y":[1,1,1]},"o":{"x":[0.167,0.167,0.167],"y":[0,0,0]},"t":19,"s":[100,100,100],"e":[100,100,100]},{"i":{"x":[0.58,0.58,0.58],"y":[1,1,1]},"o":{"x":[0.42,0.42,0.42],"y":[0,0,0]},"t":25,"s":[100,100,100],"e":[0,0,100]},{"t":35}],"ix":6}},"ao":0,"ip":0,"op":100,"st":0,"bm":0},{"ddd":0,"ind":2,"ty":2,"nm":"2","refId":"image_4","sr":1,"ks":{"o":{"a":1,"k":[{"i":{"x":[0.833],"y":[0.833]},"o":{"x":[0.167],"y":[0.167]},"t":30,"s":[100],"e":[0]},{"t":37}],"ix":11},"r":{"a":0,"k":0,"ix":10},"p":{"a":0,"k":[159.5,123,0],"ix":2},"a":{"a":0,"k":[10.5,3,0],"ix":1},"s":{"a":1,"k":[{"i":{"x":[0.58,0.58,0.58],"y":[1,1,1]},"o":{"x":[0.42,0.42,0.42],"y":[0,0,0]},"t":7,"s":[0,0,100],"e":[100,100,100]},{"i":{"x":[0.58,0.58,0.58],"y":[1,1,1]},"o":{"x":[0.167,0.167,0.167],"y":[0,0,0]},"t":17,"s":[100,100,100],"e":[100,100,100]},{"i":{"x":[0.58,0.58,0.58],"y":[1,1,1]},"o":{"x":[0.42,0.42,0.42],"y":[0,0,0]},"t":25,"s":[100,100,100],"e":[0,0,100]},{"t":35}],"ix":6}},"ao":0,"ip":0,"op":100,"st":0,"bm":0},{"ddd":0,"ind":3,"ty":2,"nm":"3","refId":"image_5","sr":1,"ks":{"o":{"a":1,"k":[{"i":{"x":[0.833],"y":[0.833]},"o":{"x":[0.167],"y":[0.167]},"t":30,"s":[100],"e":[0]},{"t":37}],"ix":11},"r":{"a":0,"k":0,"ix":10},"p":{"a":0,"k":[159.5,130,0],"ix":2},"a":{"a":0,"k":[6.5,2,0],"ix":1},"s":{"a":1,"k":[{"i":{"x":[0.58,0.58,0.58],"y":[1,1,1]},"o":{"x":[0.42,0.42,0.42],"y":[0,0,0]},"t":5,"s":[0,0,100],"e":[100,100,100]},{"i":{"x":[0.58,0.58,0.58],"y":[1,1,1]},"o":{"x":[0.167,0.167,0.167],"y":[0,0,0]},"t":15,"s":[100,100,100],"e":[100,100,100]},{"i":{"x":[0.58,0.58,0.58],"y":[1,1,1]},"o":{"x":[0.42,0.42,0.42],"y":[0,0,0]},"t":25,"s":[100,100,100],"e":[0,0,100]},{"t":35}],"ix":6}},"ao":0,"ip":0,"op":100,"st":0,"bm":0},{"ddd":0,"ind":4,"ty":2,"nm":"回1","refId":"image_6","sr":1,"ks":{"o":{"a":1,"k":[{"i":{"x":[0.58],"y":[1]},"o":{"x":[0.42],"y":[0]},"t":0,"s":[0],"e":[30.196]},{"i":{"x":[0.58],"y":[1]},"o":{"x":[0.42],"y":[0]},"t":10,"s":[30.196],"e":[30.196]},{"i":{"x":[0.58],"y":[1]},"o":{"x":[0.42],"y":[0]},"t":30,"s":[30.196],"e":[0]},{"t":37}],"ix":11},"r":{"a":0,"k":0,"ix":10},"p":{"a":0,"k":[160.5,84,0],"ix":2},"a":{"a":0,"k":[14.5,8,0],"ix":1},"s":{"a":1,"k":[{"i":{"x":[0.58,0.58,0.58],"y":[1,1,1]},"o":{"x":[0.42,0.42,0.42],"y":[0,0,0]},"t":0,"s":[0,0,100],"e":[100,100,100]},{"i":{"x":[0.58,0.58,0.58],"y":[1,1,1]},"o":{"x":[0.42,0.42,0.42],"y":[0,0,0]},"t":10,"s":[100,100,100],"e":[100,100,100]},{"i":{"x":[0.58,0.58,0.58],"y":[1,1,1]},"o":{"x":[0.42,0.42,0.42],"y":[0,0,0]},"t":25,"s":[100,100,100],"e":[0,0,100]},{"t":35}],"ix":6}},"ao":0,"hasMask":true,"masksProperties":[{"inv":false,"mode":"n","pt":{"a":0,"k":{"i":[[0,0],[0,0],[0,0],[0,0]],"o":[[0,0],[0,0],[0,0],[0,0]],"v":[[9.698,15.999],[19.634,15.999],[28.666,0],[0.666,0]],"c":true},"ix":1},"o":{"a":0,"k":100,"ix":3},"x":{"a":0,"k":0,"ix":4},"nm":"Mask 1"}],"ip":0,"op":100,"st":0,"bm":0},{"ddd":0,"ind":5,"ty":2,"nm":"回2","refId":"image_7","sr":1,"ks":{"o":{"a":1,"k":[{"i":{"x":[0.58],"y":[1]},"o":{"x":[0.42],"y":[0]},"t":0,"s":[0],"e":[60]},{"i":{"x":[0.58],"y":[1]},"o":{"x":[0.42],"y":[0]},"t":10,"s":[60],"e":[60]},{"i":{"x":[0.58],"y":[1]},"o":{"x":[0.42],"y":[0]},"t":30,"s":[60],"e":[0]},{"t":37}],"ix":11},"r":{"a":0,"k":0,"ix":10},"p":{"a":0,"k":[160.5,84,0],"ix":2},"a":{"a":0,"k":[27.5,15,0],"ix":1},"s":{"a":1,"k":[{"i":{"x":[0.58,0.58,0.58],"y":[1,1,1]},"o":{"x":[0.42,0.42,0.42],"y":[0,0,0]},"t":0,"s":[0,0,100],"e":[100,100,100]},{"i":{"x":[0.58,0.58,0.58],"y":[1,1,1]},"o":{"x":[0.42,0.42,0.42],"y":[0,0,0]},"t":12,"s":[100,100,100],"e":[100,100,100]},{"i":{"x":[0.58,0.58,0.58],"y":[1,1,1]},"o":{"x":[0.42,0.42,0.42],"y":[0,0,0]},"t":25,"s":[100,100,100],"e":[0,0,100]},{"t":37}],"ix":6}},"ao":0,"hasMask":true,"masksProperties":[{"inv":false,"mode":"n","pt":{"a":0,"k":{"i":[[0,0],[0,0],[0,0],[0,0]],"o":[[0,0],[0,0],[0,0],[0,0]],"v":[[17.967,29.666],[37.365,29.666],[55,0.333],[0.333,0.333]],"c":true},"ix":1},"o":{"a":0,"k":100,"ix":3},"x":{"a":0,"k":0,"ix":4},"nm":"Mask 1"}],"ip":0,"op":100,"st":0,"bm":0},{"ddd":0,"ind":6,"ty":2,"nm":"回3","refId":"image_8","sr":1,"ks":{"o":{"a":1,"k":[{"i":{"x":[0.58],"y":[1]},"o":{"x":[0.42],"y":[0]},"t":0,"s":[0],"e":[90.196]},{"i":{"x":[0.58],"y":[1]},"o":{"x":[0.42],"y":[0]},"t":10,"s":[90.196],"e":[90.196]},{"i":{"x":[0.58],"y":[1]},"o":{"x":[0.42],"y":[0]},"t":30,"s":[90.196],"e":[0]},{"t":37}],"ix":11},"r":{"a":0,"k":0,"ix":10},"p":{"a":0,"k":[160,84,0],"ix":2},"a":{"a":0,"k":[42,23,0],"ix":1},"s":{"a":1,"k":[{"i":{"x":[0.58,0.58,0.58],"y":[1,1,1]},"o":{"x":[0.42,0.42,0.42],"y":[0,0,0]},"t":0,"s":[0,0,100],"e":[100,100,100]},{"i":{"x":[0.58,0.58,0.58],"y":[1,1,1]},"o":{"x":[0.42,0.42,0.42],"y":[0,0,0]},"t":14,"s":[100,100,100],"e":[100,100,100]},{"i":{"x":[0.58,0.58,0.58],"y":[1,1,1]},"o":{"x":[0.42,0.42,0.42],"y":[0,0,0]},"t":25,"s":[100,100,100],"e":[0,0,100]},{"t":39}],"ix":6}},"ao":0,"hasMask":true,"masksProperties":[{"inv":false,"mode":"n","pt":{"a":0,"k":{"i":[[0,0],[0,0],[0,0],[0,0]],"o":[[0,0],[0,0],[0,0],[0,0]],"v":[[27.333,45.666],[56.666,45.666],[83.333,0.333],[0.666,0.333]],"c":true},"ix":1},"o":{"a":0,"k":100,"ix":3},"x":{"a":0,"k":0,"ix":4},"nm":"Mask 1"}],"ip":0,"op":100,"st":0,"bm":0},{"ddd":0,"ind":7,"ty":2,"nm":"上左","refId":"image_9","sr":1,"ks":{"o":{"a":1,"k":[{"i":{"x":[0.833],"y":[0.833]},"o":{"x":[0.167],"y":[0.167]},"t":30,"s":[100],"e":[0]},{"t":37}],"ix":11},"r":{"a":0,"k":0,"ix":10},"p":{"a":1,"k":[{"i":{"x":0.58,"y":1},"o":{"x":0.001,"y":0},"t":0,"s":[45.5,-17.5,0],"e":[75.5,32.5,0],"to":[5,8.333,0],"ti":[-5,-8.333,0]},{"i":{"x":0.475,"y":0.475},"o":{"x":0.001,"y":0.001},"t":10,"s":[75.5,32.5,0],"e":[75.5,32.5,0],"to":[0,0,0],"ti":[0,0,0]},{"i":{"x":0.686,"y":0.686},"o":{"x":0.336,"y":0.336},"t":19,"s":[75.5,32.5,0],"e":[75.5,32.5,0],"to":[0,0,0],"ti":[0,0,0]},{"i":{"x":0.999,"y":1},"o":{"x":0.42,"y":0},"t":25,"s":[75.5,32.5,0],"e":[45.5,-17.5,0],"to":[-5,-8.333,0],"ti":[5,8.333,0]},{"t":35}],"ix":2},"a":{"a":0,"k":[29,13.5,0],"ix":1},"s":{"a":0,"k":[100,100,100],"ix":6}},"ao":0,"ip":0,"op":100,"st":0,"bm":0},{"ddd":0,"ind":8,"ty":2,"nm":"上右","refId":"image_10","sr":1,"ks":{"o":{"a":1,"k":[{"i":{"x":[0.833],"y":[0.833]},"o":{"x":[0.167],"y":[0.167]},"t":30,"s":[100],"e":[0]},{"t":37}],"ix":11},"r":{"a":0,"k":0,"ix":10},"p":{"a":1,"k":[{"i":{"x":0.58,"y":1},"o":{"x":0.001,"y":0},"t":0,"s":[276,-17.5,0],"e":[246,32.5,0],"to":[-5,8.333,0],"ti":[5,-8.333,0]},{"i":{"x":0.475,"y":0.475},"o":{"x":0.001,"y":0.001},"t":10,"s":[246,32.5,0],"e":[246,32.5,0],"to":[0,0,0],"ti":[0,0,0]},{"i":{"x":0.686,"y":0.686},"o":{"x":0.336,"y":0.336},"t":19,"s":[246,32.5,0],"e":[246,32.5,0],"to":[0,0,0],"ti":[0,0,0]},{"i":{"x":0.999,"y":1},"o":{"x":0.42,"y":0},"t":25,"s":[246,32.5,0],"e":[276,-17.5,0],"to":[5,-8.333,0],"ti":[-5,8.333,0]},{"t":35}],"ix":2},"a":{"a":0,"k":[29,13.5,0],"ix":1},"s":{"a":0,"k":[100,100,100],"ix":6}},"ao":0,"ip":0,"op":100,"st":0,"bm":0},{"ddd":0,"ind":9,"ty":2,"nm":"上中","refId":"image_11","sr":1,"ks":{"o":{"a":1,"k":[{"i":{"x":[0.833],"y":[0.833]},"o":{"x":[0.167],"y":[0.167]},"t":30,"s":[100],"e":[0]},{"t":37}],"ix":11},"r":{"a":0,"k":0,"ix":10},"p":{"a":1,"k":[{"i":{"x":0.58,"y":1},"o":{"x":0.001,"y":0},"t":0,"s":[161,-18,0],"e":[161,32,0],"to":[0,8.333,0],"ti":[0,-8.333,0]},{"i":{"x":0.562,"y":0.562},"o":{"x":0.184,"y":0.184},"t":8,"s":[161,32,0],"e":[161,32,0],"to":[0,0,0],"ti":[0,0,0]},{"i":{"x":0.66,"y":0.66},"o":{"x":0.321,"y":0.321},"t":19,"s":[161,32,0],"e":[161,32,0],"to":[0,0,0],"ti":[0,0,0]},{"i":{"x":0.999,"y":1},"o":{"x":0.42,"y":0},"t":25,"s":[161,32,0],"e":[161,-18,0],"to":[0,-8.333,0],"ti":[0,8.333,0]},{"t":33}],"ix":2},"a":{"a":0,"k":[65,17,0],"ix":1},"s":{"a":0,"k":[100,100,100],"ix":6}},"ao":0,"ip":0,"op":100,"st":0,"bm":0}]},{"id":"comp_1","layers":[{"ddd":0,"ind":1,"ty":2,"nm":"下看不清","parent":11,"refId":"image_12","sr":1,"ks":{"o":{"a":1,"k":[{"i":{"x":[0.58],"y":[1]},"o":{"x":[0.42],"y":[0]},"t":0,"s":[0],"e":[100]},{"i":{"x":[0.58],"y":[1]},"o":{"x":[0.42],"y":[0]},"t":10,"s":[100],"e":[100]},{"i":{"x":[0.58],"y":[1]},"o":{"x":[0.42],"y":[0]},"t":30,"s":[100],"e":[0]},{"t":37}],"ix":11},"r":{"a":0,"k":0,"ix":10},"p":{"a":0,"k":[80,245,0],"ix":2},"a":{"a":0,"k":[29,41,0],"ix":1},"s":{"a":0,"k":[100,100,100],"ix":6}},"ao":0,"ip":0,"op":100,"st":0,"bm":0},{"ddd":0,"ind":2,"ty":2,"nm":"红杠","parent":11,"refId":"image_13","sr":1,"ks":{"o":{"a":1,"k":[{"i":{"x":[0.58],"y":[1]},"o":{"x":[0.42],"y":[0]},"t":0,"s":[0],"e":[100]},{"i":{"x":[0.58],"y":[1]},"o":{"x":[0.42],"y":[0]},"t":10,"s":[100],"e":[100]},{"i":{"x":[0.58],"y":[1]},"o":{"x":[0.42],"y":[0]},"t":30,"s":[100],"e":[0]},{"t":37}],"ix":11},"r":{"a":0,"k":0,"ix":10},"p":{"a":0,"k":[60.666,258.999,0],"ix":2},"a":{"a":0,"k":[308.666,263.999,0],"ix":1},"s":{"a":0,"k":[100,100,100],"ix":6}},"ao":0,"hasMask":true,"masksProperties":[{"inv":false,"mode":"a","pt":{"a":0,"k":{"i":[[0,0],[0,0],[0,0],[0,0]],"o":[[0,0],[0,0],[0,0],[0,0]],"v":[[297.332,238.666],[299.999,230.666],[334.666,294.666],[329.332,297.333]],"c":true},"ix":1},"o":{"a":0,"k":100,"ix":3},"x":{"a":0,"k":0,"ix":4},"nm":"Mask 1"}],"ip":0,"op":100,"st":0,"bm":0},{"ddd":0,"ind":3,"ty":2,"nm":"组 1094","parent":11,"refId":"image_14","sr":1,"ks":{"o":{"a":1,"k":[{"i":{"x":[0.58],"y":[1]},"o":{"x":[0.42],"y":[0]},"t":0,"s":[0],"e":[100]},{"i":{"x":[0.58],"y":[1]},"o":{"x":[0.42],"y":[0]},"t":10,"s":[100],"e":[100]},{"i":{"x":[0.58],"y":[1]},"o":{"x":[0.42],"y":[0]},"t":30,"s":[100],"e":[0]},{"t":37}],"ix":11},"r":{"a":0,"k":0,"ix":10},"p":{"a":0,"k":[55.5,271.5,0],"ix":2},"a":{"a":0,"k":[50.5,67.5,0],"ix":1},"s":{"a":0,"k":[100,100,100],"ix":6}},"ao":0,"ip":0,"op":100,"st":0,"bm":0},{"ddd":0,"ind":4,"ty":2,"nm":"3","refId":"image_15","sr":1,"ks":{"o":{"a":1,"k":[{"i":{"x":[0.58],"y":[1]},"o":{"x":[0.42],"y":[0]},"t":0,"s":[0],"e":[100]},{"i":{"x":[0.58],"y":[1]},"o":{"x":[0.42],"y":[0]},"t":10,"s":[100],"e":[100]},{"i":{"x":[0.999],"y":[1]},"o":{"x":[0.42],"y":[0]},"t":30,"s":[100],"e":[0]},{"t":37}],"ix":11},"r":{"a":0,"k":0,"ix":10},"p":{"a":1,"k":[{"i":{"x":0.58,"y":1},"o":{"x":0.42,"y":0},"t":0,"s":[308.2,366.399,0],"e":[265.5,284.5,0],"to":[0,0,0],"ti":[0,0,0]},{"i":{"x":0.613,"y":0.613},"o":{"x":0.428,"y":0.428},"t":10,"s":[265.5,284.5,0],"e":[265.5,284.5,0],"to":[0,0,0],"ti":[0,0,0]},{"i":{"x":0.65,"y":0.65},"o":{"x":0.317,"y":0.317},"t":28,"s":[265.5,284.5,0],"e":[265.5,284.5,0],"to":[0,0,0],"ti":[0,0,0]},{"i":{"x":0.999,"y":1},"o":{"x":0.42,"y":0},"t":30,"s":[265.5,284.5,0],"e":[308.199,366.399,0],"to":[0,0,0],"ti":[0,0,0]},{"t":40}],"ix":2},"a":{"a":0,"k":[50.5,80.5,0],"ix":1},"s":{"a":0,"k":[100,100,100],"ix":6}},"ao":0,"ip":0,"op":100,"st":0,"bm":0},{"ddd":0,"ind":5,"ty":2,"nm":"4","refId":"image_16","sr":1,"ks":{"o":{"a":1,"k":[{"i":{"x":[0.58],"y":[1]},"o":{"x":[0.001],"y":[0]},"t":6,"s":[0],"e":[100]},{"i":{"x":[0.595],"y":[43.356]},"o":{"x":[0.163],"y":[0]},"t":16,"s":[100],"e":[100]},{"i":{"x":[0.999],"y":[1]},"o":{"x":[0.42],"y":[0]},"t":30,"s":[100],"e":[0]},{"t":37}],"ix":11},"r":{"a":0,"k":0,"ix":10},"p":{"a":1,"k":[{"i":{"x":0.833,"y":0.833},"o":{"x":0.001,"y":0.001},"t":0,"s":[375,174.5,0],"e":[375,174.5,0],"to":[0,0,0],"ti":[0,0,0]},{"i":{"x":0.58,"y":1},"o":{"x":0.001,"y":0},"t":6,"s":[375,174.5,0],"e":[284,174.5,0],"to":[-15.167,0,0],"ti":[15.167,0,0]},{"i":{"x":0.571,"y":0.571},"o":{"x":0.172,"y":0.172},"t":16,"s":[284,174.5,0],"e":[284,174.5,0],"to":[0,0,0],"ti":[0,0,0]},{"i":{"x":0.665,"y":0.665},"o":{"x":0.331,"y":0.331},"t":28,"s":[284,174.5,0],"e":[284,174.5,0],"to":[0,0,0],"ti":[0,0,0]},{"i":{"x":0.999,"y":1},"o":{"x":0.42,"y":0},"t":30,"s":[284,174.5,0],"e":[247,174.5,0],"to":[-6.167,0,0],"ti":[6.167,0,0]},{"t":37}],"ix":2},"a":{"a":0,"k":[283.91,179.802,0],"ix":1},"s":{"a":0,"k":[100,100,100],"ix":6}},"ao":0,"hasMask":true,"masksProperties":[{"inv":false,"mode":"a","pt":{"a":0,"k":{"i":[[0,0],[0,0],[0,0],[0,0]],"o":[[0,0],[0,0],[0,0],[0,0]],"v":[[287.765,162.871],[289.738,164.01],[280.054,180.784],[278.081,179.644]],"c":true},"ix":1},"o":{"a":0,"k":100,"ix":3},"x":{"a":0,"k":0,"ix":4},"nm":"Mask 1"},{"inv":false,"mode":"a","pt":{"a":0,"k":{"i":[[0,0],[0,0],[0,0],[0,0]],"o":[[0,0],[0,0],[0,0],[0,0]],"v":[[278.081,179.961],[280.054,178.821],[289.738,195.594],[287.765,196.734]],"c":true},"ix":1},"o":{"a":0,"k":100,"ix":3},"x":{"a":0,"k":0,"ix":4},"nm":"Mask 2"}],"ip":0,"op":100,"st":0,"bm":0},{"ddd":0,"ind":6,"ty":2,"nm":"3","refId":"image_17","sr":1,"ks":{"o":{"a":1,"k":[{"i":{"x":[0.58],"y":[1]},"o":{"x":[0.001],"y":[0]},"t":4,"s":[0],"e":[100]},{"i":{"x":[0.606],"y":[42.498]},"o":{"x":[0.161],"y":[0]},"t":14,"s":[100],"e":[100]},{"i":{"x":[0.999],"y":[1]},"o":{"x":[0.42],"y":[0]},"t":30,"s":[100],"e":[0]},{"t":37}],"ix":11},"r":{"a":0,"k":0,"ix":10},"p":{"a":1,"k":[{"i":{"x":0.833,"y":0.833},"o":{"x":0.001,"y":0.001},"t":0,"s":[355,174.5,0],"e":[355,174.5,0],"to":[0,0,0],"ti":[0,0,0]},{"i":{"x":0.58,"y":1},"o":{"x":0.001,"y":0},"t":4,"s":[355,174.5,0],"e":[264,174.5,0],"to":[-15.167,0,0],"ti":[15.167,0,0]},{"i":{"x":0.572,"y":0.572},"o":{"x":0.172,"y":0.172},"t":14,"s":[264,174.5,0],"e":[264,174.5,0],"to":[0,0,0],"ti":[0,0,0]},{"i":{"x":0.666,"y":0.666},"o":{"x":0.332,"y":0.332},"t":28,"s":[264,174.5,0],"e":[264,174.5,0],"to":[0,0,0],"ti":[0,0,0]},{"i":{"x":0.999,"y":1},"o":{"x":0.42,"y":0},"t":30,"s":[264,174.5,0],"e":[227,174.5,0],"to":[-6.167,0,0],"ti":[6.167,0,0]},{"t":37}],"ix":2},"a":{"a":0,"k":[12,17.5,0],"ix":1},"s":{"a":0,"k":[100,100,100],"ix":6}},"ao":0,"ip":0,"op":100,"st":0,"bm":0},{"ddd":0,"ind":7,"ty":2,"nm":"2","refId":"image_18","sr":1,"ks":{"o":{"a":1,"k":[{"i":{"x":[0.58],"y":[1]},"o":{"x":[0.001],"y":[0]},"t":2,"s":[0],"e":[100]},{"i":{"x":[0.616],"y":[41.485]},"o":{"x":[0.159],"y":[0]},"t":12,"s":[100],"e":[100]},{"i":{"x":[0.999],"y":[1]},"o":{"x":[0.42],"y":[0]},"t":30,"s":[100],"e":[0]},{"t":37}],"ix":11},"r":{"a":0,"k":0,"ix":10},"p":{"a":1,"k":[{"i":{"x":0.833,"y":0.833},"o":{"x":0.001,"y":0.001},"t":0,"s":[332,175.5,0],"e":[332,175.5,0],"to":[0,0,0],"ti":[0,0,0]},{"i":{"x":0.58,"y":1},"o":{"x":0.001,"y":0},"t":2,"s":[332,175.5,0],"e":[241,175.5,0],"to":[-15.167,0,0],"ti":[15.167,0,0]},{"i":{"x":0.572,"y":0.572},"o":{"x":0.171,"y":0.171},"t":12,"s":[241,175.5,0],"e":[241,175.5,0],"to":[0,0,0],"ti":[0,0,0]},{"i":{"x":0.666,"y":0.666},"o":{"x":0.332,"y":0.332},"t":28,"s":[241,175.5,0],"e":[241,175.5,0],"to":[0,0,0],"ti":[0,0,0]},{"i":{"x":0.999,"y":1},"o":{"x":0.42,"y":0},"t":30,"s":[241,175.5,0],"e":[204,175.5,0],"to":[-6.167,0,0],"ti":[6.167,0,0]},{"t":37}],"ix":2},"a":{"a":0,"k":[14,20.5,0],"ix":1},"s":{"a":0,"k":[100,100,100],"ix":6}},"ao":0,"ip":0,"op":100,"st":0,"bm":0},{"ddd":0,"ind":8,"ty":2,"nm":"1","refId":"image_19","sr":1,"ks":{"o":{"a":1,"k":[{"i":{"x":[0.58],"y":[1]},"o":{"x":[0.001],"y":[0]},"t":0,"s":[0],"e":[100]},{"i":{"x":[0.562],"y":[40.472]},"o":{"x":[0.001],"y":[0]},"t":10,"s":[100],"e":[100]},{"i":{"x":[0.999],"y":[1]},"o":{"x":[0.42],"y":[0]},"t":30,"s":[100],"e":[0]},{"t":37}],"ix":11},"r":{"a":0,"k":0,"ix":10},"p":{"a":1,"k":[{"i":{"x":0.58,"y":1},"o":{"x":0.001,"y":0},"t":0,"s":[308,175.5,0],"e":[217,175.5,0],"to":[-15.167,0,0],"ti":[15.167,0,0]},{"i":{"x":0.549,"y":0.549},"o":{"x":0.001,"y":0.001},"t":10,"s":[217,175.5,0],"e":[217,175.5,0],"to":[0,0,0],"ti":[0,0,0]},{"i":{"x":0.675,"y":0.675},"o":{"x":0.341,"y":0.341},"t":28,"s":[217,175.5,0],"e":[217,175.5,0],"to":[0,0,0],"ti":[0,0,0]},{"i":{"x":0.999,"y":1},"o":{"x":0.42,"y":0},"t":30,"s":[217,175.5,0],"e":[180,175.5,0],"to":[-6.167,0,0],"ti":[6.167,0,0]},{"t":37}],"ix":2},"a":{"a":0,"k":[14,20.5,0],"ix":1},"s":{"a":0,"k":[100,100,100],"ix":6}},"ao":0,"ip":0,"op":100,"st":0,"bm":0},{"ddd":0,"ind":9,"ty":2,"nm":"组 1090","refId":"image_20","sr":1,"ks":{"o":{"a":1,"k":[{"i":{"x":[0.58],"y":[1]},"o":{"x":[0.001],"y":[0]},"t":0,"s":[0],"e":[100]},{"i":{"x":[0.58],"y":[1]},"o":{"x":[0.167],"y":[0]},"t":10,"s":[100],"e":[100]},{"i":{"x":[0.999],"y":[1]},"o":{"x":[0.42],"y":[0]},"t":30,"s":[100],"e":[0]},{"t":37}],"ix":11},"r":{"a":0,"k":0,"ix":10},"p":{"a":1,"k":[{"i":{"x":0.58,"y":1},"o":{"x":0.001,"y":0},"t":0,"s":[337.75,-39.25,0],"e":[267,81,0],"to":[-11.792,20.042,0],"ti":[11.792,-20.042,0]},{"i":{"x":0.573,"y":0.573},"o":{"x":0.17,"y":0.17},"t":10,"s":[267,81,0],"e":[267,81,0],"to":[0,0,0],"ti":[0,0,0]},{"i":{"x":0.666,"y":0.666},"o":{"x":0.332,"y":0.332},"t":28,"s":[267,81,0],"e":[267,81,0],"to":[0,0,0],"ti":[0,0,0]},{"i":{"x":0.999,"y":1},"o":{"x":0.42,"y":0},"t":30,"s":[267,81,0],"e":[337.75,-39.25,0],"to":[11.792,-20.042,0],"ti":[-11.792,20.042,0]},{"t":40}],"ix":2},"a":{"a":0,"k":[57,66,0],"ix":1},"s":{"a":0,"k":[100,100,100],"ix":6}},"ao":0,"ip":0,"op":100,"st":0,"bm":0},{"ddd":0,"ind":10,"ty":2,"nm":"红杠","parent":11,"refId":"image_21","sr":1,"ks":{"o":{"a":0,"k":100,"ix":11},"r":{"a":0,"k":0,"ix":10},"p":{"a":0,"k":[58.666,80.999,0],"ix":2},"a":{"a":0,"k":[306.666,85.999,0],"ix":1},"s":{"a":0,"k":[100,100,100],"ix":6}},"ao":0,"hasMask":true,"masksProperties":[{"inv":false,"mode":"a","pt":{"a":0,"k":{"i":[[0,0],[0,0],[0,0],[0,0]],"o":[[0,0],[0,0],[0,0],[0,0]],"v":[[301.332,115.999],[293.332,115.999],[329.332,56],[335.999,55.999]],"c":true},"ix":1},"o":{"a":0,"k":100,"ix":3},"x":{"a":0,"k":0,"ix":4},"nm":"Mask 1"}],"ip":0,"op":100,"st":0,"bm":0},{"ddd":0,"ind":11,"ty":2,"nm":"组 1091","refId":"image_22","sr":1,"ks":{"o":{"a":1,"k":[{"i":{"x":[0.999],"y":[1]},"o":{"x":[0.42],"y":[0]},"t":30,"s":[100],"e":[0]},{"t":37}],"ix":11},"r":{"a":0,"k":0,"ix":10},"p":{"a":1,"k":[{"i":{"x":0.58,"y":1},"o":{"x":0.001,"y":0},"t":0,"s":[400,77,0],"e":[309,77,0],"to":[-15.167,0,0],"ti":[15.167,0,0]},{"i":{"x":0.572,"y":0.572},"o":{"x":0.171,"y":0.171},"t":12,"s":[309,77,0],"e":[309,77,0],"to":[0,0,0],"ti":[0,0,0]},{"i":{"x":0.666,"y":0.666},"o":{"x":0.332,"y":0.332},"t":28,"s":[309,77,0],"e":[309,77,0],"to":[0,0,0],"ti":[0,0,0]},{"i":{"x":0.999,"y":1},"o":{"x":0.42,"y":0},"t":30,"s":[309,77,0],"e":[400,77,0],"to":[15.167,0,0],"ti":[-15.167,0,0]},{"t":42}],"ix":2},"a":{"a":0,"k":[61,72,0],"ix":1},"s":{"a":0,"k":[100,100,100],"ix":6}},"ao":0,"ip":0,"op":100,"st":0,"bm":0},{"ddd":0,"ind":12,"ty":2,"nm":"组 1092","parent":11,"refId":"image_23","sr":1,"ks":{"o":{"a":0,"k":100,"ix":11},"r":{"a":0,"k":0,"ix":10},"p":{"a":0,"k":[89.5,100,0],"ix":2},"a":{"a":0,"k":[33.5,49,0],"ix":1},"s":{"a":0,"k":[100,100,100],"ix":6}},"ao":0,"ip":0,"op":100,"st":0,"bm":0}]}],"layers":[{"ddd":0,"ind":1,"ty":2,"nm":"234.png","cl":"png","parent":4,"refId":"image_0","sr":1,"ks":{"o":{"a":1,"k":[{"i":{"x":[0.833],"y":[0.833]},"o":{"x":[0.167],"y":[0.167]},"t":0,"s":[0],"e":[100]},{"i":{"x":[0.833],"y":[0.833]},"o":{"x":[0.167],"y":[0.167]},"t":10,"s":[100],"e":[0]},{"t":30}],"ix":11},"r":{"a":0,"k":0,"ix":10},"p":{"a":0,"k":[95.5,126,0],"ix":2},"a":{"a":0,"k":[160,180,0],"ix":1},"s":{"a":0,"k":[100,100,100],"ix":6}},"ao":0,"ip":0,"op":100,"st":0,"bm":0},{"ddd":0,"ind":2,"ty":2,"nm":"45.png","cl":"png","parent":4,"refId":"image_1","sr":1,"ks":{"o":{"a":1,"k":[{"i":{"x":[0.833],"y":[0.833]},"o":{"x":[0.167],"y":[0.167]},"t":0,"s":[100],"e":[100]},{"i":{"x":[0.999],"y":[1]},"o":{"x":[0.42],"y":[0]},"t":30,"s":[100],"e":[0]},{"t":37}],"ix":11},"r":{"a":0,"k":0,"ix":10},"p":{"a":0,"k":[95.5,126,0],"ix":2},"a":{"a":0,"k":[160,180,0],"ix":1},"s":{"a":0,"k":[100,100,100],"ix":6}},"ao":0,"ip":0,"op":100,"st":0,"bm":0},{"ddd":0,"ind":4,"ty":2,"nm":"x","refId":"image_2","sr":1,"ks":{"o":{"a":1,"k":[{"i":{"x":[0.833],"y":[0.833]},"o":{"x":[0.167],"y":[0.167]},"t":30,"s":[100],"e":[0]},{"t":35}],"ix":11},"r":{"a":0,"k":0,"ix":10},"p":{"a":0,"k":[160,180,0],"ix":2},"a":{"a":0,"k":[94.5,123,0],"ix":1},"s":{"a":1,"k":[{"i":{"x":[0.58,0.58,0.58],"y":[1,1,1]},"o":{"x":[0.001,0.001,0.001],"y":[0,0,0]},"t":0,"s":[0,0,100],"e":[100,100,100]},{"i":{"x":[0.833,0.833,0.833],"y":[1,1,1]},"o":{"x":[0.001,0.001,0.001],"y":[0,0,0]},"t":10,"s":[100,100,100],"e":[100,100,100]},{"i":{"x":[0.833,0.833,0.833],"y":[1,1,1]},"o":{"x":[0.167,0.167,0.167],"y":[0,0,0]},"t":30,"s":[100,100,100],"e":[0,0,100]},{"t":37}],"ix":6}},"ao":0,"ip":0,"op":100,"st":0,"bm":0},{"ddd":0,"ind":5,"ty":0,"nm":"top","refId":"comp_0","sr":1,"ks":{"o":{"a":0,"k":100,"ix":11},"r":{"a":0,"k":0,"ix":10},"p":{"a":0,"k":[160,180,0],"ix":2},"a":{"a":0,"k":[160,180,0],"ix":1},"s":{"a":0,"k":[100,-100,100],"ix":6}},"ao":0,"w":320,"h":360,"ip":0,"op":100,"st":0,"bm":0},{"ddd":0,"ind":6,"ty":0,"nm":"top","refId":"comp_0","sr":1,"ks":{"o":{"a":0,"k":100,"ix":11},"r":{"a":0,"k":0,"ix":10},"p":{"a":0,"k":[160,180,0],"ix":2},"a":{"a":0,"k":[160,180,0],"ix":1},"s":{"a":0,"k":[100,100,100],"ix":6}},"ao":0,"w":320,"h":360,"ip":0,"op":100,"st":0,"bm":0},{"ddd":0,"ind":7,"ty":0,"nm":"right","refId":"comp_1","sr":1,"ks":{"o":{"a":0,"k":100,"ix":11},"r":{"a":0,"k":0,"ix":10},"p":{"a":0,"k":[160,180,0],"ix":2},"a":{"a":0,"k":[160,180,0],"ix":1},"s":{"a":0,"k":[-100,100,100],"ix":6}},"ao":0,"w":320,"h":360,"ip":0,"op":100,"st":0,"bm":0},{"ddd":0,"ind":8,"ty":0,"nm":"right","refId":"comp_1","sr":1,"ks":{"o":{"a":0,"k":100,"ix":11},"r":{"a":0,"k":0,"ix":10},"p":{"a":0,"k":[160,180,0],"ix":2},"a":{"a":0,"k":[160,180,0],"ix":1},"s":{"a":0,"k":[100,100,100],"ix":6}},"ao":0,"w":320,"h":360,"ip":0,"op":100,"st":0,"bm":0},{"ddd":0,"ind":9,"ty":1,"nm":"Black Solid 2","sr":1,"ks":{"o":{"a":0,"k":100,"ix":11},"r":{"a":0,"k":0,"ix":10},"p":{"a":0,"k":[160,180,0],"ix":2},"a":{"a":0,"k":[160,180,0],"ix":1},"s":{"a":0,"k":[100,100,100],"ix":6}},"ao":0,"sw":320,"sh":360,"sc":"#000000","ip":0,"op":100,"st":0,"bm":0}],"markers":[]}