{"v":"5.6.6","fr":25,"ip":0,"op":19,"w":320,"h":360,"nm":"预合成 11","ddd":0,"assets":[{"id":"image_0","w":79,"h":56,"u":"images/","p":"jijiadao_0.png","e":0},{"id":"image_1","w":79,"h":56,"u":"images/","p":"jijiadao_1.png","e":0},{"id":"image_2","w":79,"h":56,"u":"images/","p":"jijiadao_2.png","e":0},{"id":"image_3","w":79,"h":56,"u":"images/","p":"jijiadao_3.png","e":0},{"id":"image_4","w":79,"h":56,"u":"images/","p":"jijiadao_4.png","e":0},{"id":"image_5","w":79,"h":56,"u":"images/","p":"jijiadao_5.png","e":0},{"id":"image_6","w":79,"h":56,"u":"images/","p":"jijiadao_6.png","e":0},{"id":"image_7","w":79,"h":56,"u":"images/","p":"jijiadao_7.png","e":0},{"id":"image_8","w":200,"h":70,"u":"images/","p":"jijiadao_8.png","e":0},{"id":"image_9","w":174,"h":100,"u":"images/","p":"jijiadao_9.png","e":0},{"id":"image_10","w":153,"h":139,"u":"images/","p":"jijiadao_21.png","e":0},{"id":"image_11","w":104,"h":189,"u":"images/","p":"jijiadao_22.png","e":0},{"id":"image_12","w":121,"h":229,"u":"images/","p":"jijiadao_23.png","e":0},{"id":"image_13","w":252,"h":272,"u":"images/","p":"jijiadao_24.png","e":0},{"id":"image_14","w":270,"h":293,"u":"images/","p":"jijiadao_25.png","e":0},{"id":"image_15","w":56,"h":56,"u":"images/","p":"jijiadao_26.png","e":0},{"id":"image_16","w":108,"h":217,"u":"images/","p":"jijiadao_27.png","e":0},{"id":"image_17","w":102,"h":360,"u":"images/","p":"jijiadao_28.png","e":0},{"id":"image_18","w":89,"h":360,"u":"images/","p":"jijiadao_29.png","e":0},{"id":"comp_0","layers":[{"ddd":0,"ind":1,"ty":0,"nm":"下 8","refId":"comp_1","sr":1,"ks":{"o":{"a":0,"k":100,"ix":11},"r":{"a":0,"k":0,"ix":10},"p":{"a":0,"k":[40,82,0],"ix":2},"a":{"a":0,"k":[250,250,0],"ix":1},"s":{"a":0,"k":[100,-100,100],"ix":6}},"ao":0,"w":500,"h":500,"ip":49,"op":56,"st":49,"bm":0},{"ddd":0,"ind":2,"ty":0,"nm":"下 7","refId":"comp_1","sr":1,"ks":{"o":{"a":0,"k":100,"ix":11},"r":{"a":0,"k":0,"ix":10},"p":{"a":0,"k":[40,82,0],"ix":2},"a":{"a":0,"k":[250,250,0],"ix":1},"s":{"a":0,"k":[100,-100,100],"ix":6}},"ao":0,"w":500,"h":500,"ip":42,"op":49,"st":42,"bm":0},{"ddd":0,"ind":3,"ty":0,"nm":"下 6","refId":"comp_1","sr":1,"ks":{"o":{"a":0,"k":100,"ix":11},"r":{"a":0,"k":0,"ix":10},"p":{"a":0,"k":[40,82,0],"ix":2},"a":{"a":0,"k":[250,250,0],"ix":1},"s":{"a":0,"k":[100,-100,100],"ix":6}},"ao":0,"w":500,"h":500,"ip":35,"op":42,"st":35,"bm":0},{"ddd":0,"ind":4,"ty":0,"nm":"下 5","refId":"comp_1","sr":1,"ks":{"o":{"a":0,"k":100,"ix":11},"r":{"a":0,"k":0,"ix":10},"p":{"a":0,"k":[40,82,0],"ix":2},"a":{"a":0,"k":[250,250,0],"ix":1},"s":{"a":0,"k":[100,-100,100],"ix":6}},"ao":0,"w":500,"h":500,"ip":28,"op":35,"st":28,"bm":0},{"ddd":0,"ind":5,"ty":0,"nm":"下 4","refId":"comp_1","sr":1,"ks":{"o":{"a":0,"k":100,"ix":11},"r":{"a":0,"k":0,"ix":10},"p":{"a":0,"k":[40,82,0],"ix":2},"a":{"a":0,"k":[250,250,0],"ix":1},"s":{"a":0,"k":[100,-100,100],"ix":6}},"ao":0,"w":500,"h":500,"ip":21,"op":28,"st":21,"bm":0},{"ddd":0,"ind":6,"ty":0,"nm":"下 3","refId":"comp_1","sr":1,"ks":{"o":{"a":0,"k":100,"ix":11},"r":{"a":0,"k":0,"ix":10},"p":{"a":0,"k":[40,82,0],"ix":2},"a":{"a":0,"k":[250,250,0],"ix":1},"s":{"a":0,"k":[100,-100,100],"ix":6}},"ao":0,"w":500,"h":500,"ip":14,"op":21,"st":14,"bm":0},{"ddd":0,"ind":7,"ty":0,"nm":"下 2","refId":"comp_1","sr":1,"ks":{"o":{"a":0,"k":100,"ix":11},"r":{"a":0,"k":0,"ix":10},"p":{"a":0,"k":[40,82,0],"ix":2},"a":{"a":0,"k":[250,250,0],"ix":1},"s":{"a":0,"k":[100,-100,100],"ix":6}},"ao":0,"w":500,"h":500,"ip":7,"op":14,"st":7,"bm":0},{"ddd":0,"ind":8,"ty":0,"nm":"下","refId":"comp_1","sr":1,"ks":{"o":{"a":0,"k":100,"ix":11},"r":{"a":0,"k":0,"ix":10},"p":{"a":0,"k":[40,82,0],"ix":2},"a":{"a":0,"k":[250,250,0],"ix":1},"s":{"a":0,"k":[100,-100,100],"ix":6}},"ao":0,"w":500,"h":500,"ip":0,"op":7,"st":0,"bm":0},{"ddd":0,"ind":9,"ty":0,"nm":"上 8","refId":"comp_1","sr":1,"ks":{"o":{"a":0,"k":100,"ix":11},"r":{"a":0,"k":0,"ix":10},"p":{"a":0,"k":[40,28,0],"ix":2},"a":{"a":0,"k":[250,250,0],"ix":1},"s":{"a":0,"k":[100,100,100],"ix":6}},"ao":0,"w":500,"h":500,"ip":49,"op":56,"st":49,"bm":0},{"ddd":0,"ind":10,"ty":0,"nm":"上 7","refId":"comp_1","sr":1,"ks":{"o":{"a":0,"k":100,"ix":11},"r":{"a":0,"k":0,"ix":10},"p":{"a":0,"k":[40,28,0],"ix":2},"a":{"a":0,"k":[250,250,0],"ix":1},"s":{"a":0,"k":[100,100,100],"ix":6}},"ao":0,"w":500,"h":500,"ip":42,"op":49,"st":42,"bm":0},{"ddd":0,"ind":11,"ty":0,"nm":"上 6","refId":"comp_1","sr":1,"ks":{"o":{"a":0,"k":100,"ix":11},"r":{"a":0,"k":0,"ix":10},"p":{"a":0,"k":[40,28,0],"ix":2},"a":{"a":0,"k":[250,250,0],"ix":1},"s":{"a":0,"k":[100,100,100],"ix":6}},"ao":0,"w":500,"h":500,"ip":35,"op":42,"st":35,"bm":0},{"ddd":0,"ind":12,"ty":0,"nm":"上 5","refId":"comp_1","sr":1,"ks":{"o":{"a":0,"k":100,"ix":11},"r":{"a":0,"k":0,"ix":10},"p":{"a":0,"k":[40,28,0],"ix":2},"a":{"a":0,"k":[250,250,0],"ix":1},"s":{"a":0,"k":[100,100,100],"ix":6}},"ao":0,"w":500,"h":500,"ip":28,"op":35,"st":28,"bm":0},{"ddd":0,"ind":13,"ty":0,"nm":"上 4","refId":"comp_1","sr":1,"ks":{"o":{"a":0,"k":100,"ix":11},"r":{"a":0,"k":0,"ix":10},"p":{"a":0,"k":[40,28,0],"ix":2},"a":{"a":0,"k":[250,250,0],"ix":1},"s":{"a":0,"k":[100,100,100],"ix":6}},"ao":0,"w":500,"h":500,"ip":21,"op":28,"st":21,"bm":0},{"ddd":0,"ind":14,"ty":0,"nm":"上 3","refId":"comp_1","sr":1,"ks":{"o":{"a":0,"k":100,"ix":11},"r":{"a":0,"k":0,"ix":10},"p":{"a":0,"k":[40,28,0],"ix":2},"a":{"a":0,"k":[250,250,0],"ix":1},"s":{"a":0,"k":[100,100,100],"ix":6}},"ao":0,"w":500,"h":500,"ip":14,"op":21,"st":14,"bm":0},{"ddd":0,"ind":15,"ty":0,"nm":"上 2","refId":"comp_1","sr":1,"ks":{"o":{"a":0,"k":100,"ix":11},"r":{"a":0,"k":0,"ix":10},"p":{"a":0,"k":[40,28,0],"ix":2},"a":{"a":0,"k":[250,250,0],"ix":1},"s":{"a":0,"k":[100,100,100],"ix":6}},"ao":0,"w":500,"h":500,"ip":7,"op":14,"st":7,"bm":0},{"ddd":0,"ind":16,"ty":0,"nm":"上","refId":"comp_1","sr":1,"ks":{"o":{"a":0,"k":100,"ix":11},"r":{"a":0,"k":0,"ix":10},"p":{"a":0,"k":[40,28,0],"ix":2},"a":{"a":0,"k":[250,250,0],"ix":1},"s":{"a":0,"k":[100,100,100],"ix":6}},"ao":0,"w":500,"h":500,"ip":0,"op":7,"st":0,"bm":0}]},{"id":"comp_1","layers":[{"ddd":0,"ind":1,"ty":2,"nm":"jijiadao_machine_armor_pink_13.png","cl":"png","refId":"image_0","sr":1,"ks":{"o":{"a":0,"k":100,"ix":11},"r":{"a":0,"k":0,"ix":10},"p":{"a":0,"k":[250,250,0],"ix":2},"a":{"a":0,"k":[39.5,28,0],"ix":1},"s":{"a":0,"k":[100,100,100],"ix":6}},"ao":0,"ip":0,"op":1,"st":0,"bm":0},{"ddd":0,"ind":2,"ty":2,"nm":"jijiadao_machine_armor_pink_14.png","cl":"png","refId":"image_1","sr":1,"ks":{"o":{"a":0,"k":100,"ix":11},"r":{"a":0,"k":0,"ix":10},"p":{"a":0,"k":[250,250,0],"ix":2},"a":{"a":0,"k":[39.5,28,0],"ix":1},"s":{"a":0,"k":[100,100,100],"ix":6}},"ao":0,"ip":1,"op":2,"st":1,"bm":0},{"ddd":0,"ind":3,"ty":2,"nm":"jijiadao_machine_armor_pink_15.png","cl":"png","refId":"image_2","sr":1,"ks":{"o":{"a":0,"k":100,"ix":11},"r":{"a":0,"k":0,"ix":10},"p":{"a":0,"k":[250,250,0],"ix":2},"a":{"a":0,"k":[39.5,28,0],"ix":1},"s":{"a":0,"k":[100,100,100],"ix":6}},"ao":0,"ip":2,"op":3,"st":2,"bm":0},{"ddd":0,"ind":4,"ty":2,"nm":"jijiadao_machine_armor_pink_16.png","cl":"png","refId":"image_3","sr":1,"ks":{"o":{"a":0,"k":100,"ix":11},"r":{"a":0,"k":0,"ix":10},"p":{"a":0,"k":[250,250,0],"ix":2},"a":{"a":0,"k":[39.5,28,0],"ix":1},"s":{"a":0,"k":[100,100,100],"ix":6}},"ao":0,"ip":3,"op":4,"st":3,"bm":0},{"ddd":0,"ind":5,"ty":2,"nm":"jijiadao_machine_armor_pink_17.png","cl":"png","refId":"image_4","sr":1,"ks":{"o":{"a":0,"k":100,"ix":11},"r":{"a":0,"k":0,"ix":10},"p":{"a":0,"k":[250,250,0],"ix":2},"a":{"a":0,"k":[39.5,28,0],"ix":1},"s":{"a":0,"k":[100,100,100],"ix":6}},"ao":0,"ip":4,"op":5,"st":4,"bm":0},{"ddd":0,"ind":6,"ty":2,"nm":"jijiadao_machine_armor_pink_18.png","cl":"png","refId":"image_5","sr":1,"ks":{"o":{"a":0,"k":100,"ix":11},"r":{"a":0,"k":0,"ix":10},"p":{"a":0,"k":[250,250,0],"ix":2},"a":{"a":0,"k":[39.5,28,0],"ix":1},"s":{"a":0,"k":[100,100,100],"ix":6}},"ao":0,"ip":5,"op":6,"st":5,"bm":0},{"ddd":0,"ind":7,"ty":2,"nm":"jijiadao_machine_armor_pink_19.png","cl":"png","refId":"image_6","sr":1,"ks":{"o":{"a":0,"k":100,"ix":11},"r":{"a":0,"k":0,"ix":10},"p":{"a":0,"k":[250,250,0],"ix":2},"a":{"a":0,"k":[39.5,28,0],"ix":1},"s":{"a":0,"k":[100,100,100],"ix":6}},"ao":0,"ip":6,"op":7,"st":6,"bm":0},{"ddd":0,"ind":8,"ty":2,"nm":"jijiadao_machine_armor_pink_20.png","cl":"png","refId":"image_7","sr":1,"ks":{"o":{"a":0,"k":100,"ix":11},"r":{"a":0,"k":0,"ix":10},"p":{"a":0,"k":[250,250,0],"ix":2},"a":{"a":0,"k":[39.5,28,0],"ix":1},"s":{"a":0,"k":[100,100,100],"ix":6}},"ao":0,"ip":7,"op":8,"st":7,"bm":0}]},{"id":"comp_2","layers":[{"ddd":0,"ind":1,"ty":0,"nm":"联动","refId":"comp_3","sr":1,"ks":{"o":{"a":0,"k":100,"ix":11},"r":{"a":0,"k":0,"ix":10},"p":{"a":0,"k":[160,180,0],"ix":2},"a":{"a":0,"k":[160,180,0],"ix":1},"s":{"a":0,"k":[-100,100,100],"ix":6}},"ao":0,"w":320,"h":360,"ip":0,"op":500,"st":0,"bm":0}]},{"id":"comp_3","layers":[{"ddd":0,"ind":1,"ty":0,"nm":"预合成 15","refId":"comp_4","sr":1,"ks":{"o":{"a":0,"k":100,"ix":11},"r":{"a":0,"k":0,"ix":10},"p":{"a":0,"k":[160,180,0],"ix":2},"a":{"a":0,"k":[160,180,0],"ix":1},"s":{"a":0,"k":[100,100,100],"ix":6}},"ao":0,"w":320,"h":360,"ip":0,"op":62,"st":0,"bm":0},{"ddd":0,"ind":2,"ty":0,"nm":"底色","refId":"comp_6","sr":1,"ks":{"o":{"a":0,"k":100,"ix":11},"r":{"a":0,"k":0,"ix":10},"p":{"a":0,"k":[160,180,0],"ix":2},"a":{"a":0,"k":[160,180,0],"ix":1},"s":{"a":0,"k":[-100,100,100],"ix":6}},"ao":0,"w":320,"h":360,"ip":0,"op":500,"st":0,"bm":0},{"ddd":0,"ind":3,"ty":0,"nm":"底色","refId":"comp_6","sr":1,"ks":{"o":{"a":0,"k":100,"ix":11},"r":{"a":0,"k":0,"ix":10},"p":{"a":0,"k":[160,180,0],"ix":2},"a":{"a":0,"k":[160,180,0],"ix":1},"s":{"a":0,"k":[100,100,100],"ix":6}},"ao":0,"w":320,"h":360,"ip":0,"op":500,"st":0,"bm":0},{"ddd":0,"ind":4,"ty":4,"nm":"bg 2","sr":1,"ks":{"o":{"a":0,"k":100,"ix":11},"r":{"a":0,"k":0,"ix":10},"p":{"a":0,"k":[160,180,0],"ix":2},"a":{"a":0,"k":[10,-9,0],"ix":1},"s":{"a":0,"k":[100,100,100],"ix":6}},"ao":0,"shapes":[{"ty":"gr","it":[{"ty":"rc","d":1,"s":{"a":0,"k":[320,360],"ix":2},"p":{"a":0,"k":[0,0],"ix":3},"r":{"a":0,"k":0,"ix":4},"nm":"矩形路径 1","mn":"ADBE Vector Shape - Rect","hd":false},{"ty":"fl","c":{"a":0,"k":[0,0,0,1],"ix":4},"o":{"a":0,"k":100,"ix":5},"r":1,"bm":0,"nm":"填充 1","mn":"ADBE Vector Graphic - Fill","hd":false},{"ty":"tr","p":{"a":0,"k":[10,-9],"ix":2},"a":{"a":0,"k":[0,0],"ix":1},"s":{"a":0,"k":[100,100],"ix":3},"r":{"a":0,"k":0,"ix":6},"o":{"a":0,"k":100,"ix":7},"sk":{"a":0,"k":0,"ix":4},"sa":{"a":0,"k":0,"ix":5},"nm":"变换"}],"nm":"矩形 1","np":3,"cix":2,"bm":0,"ix":1,"mn":"ADBE Vector Group","hd":false}],"ip":0,"op":500,"st":0,"bm":0}]},{"id":"comp_4","layers":[{"ddd":0,"ind":1,"ty":2,"nm":"jijiadao_machine_armor_pink_5.png","cl":"png","refId":"image_10","sr":1,"ks":{"o":{"a":1,"k":[{"i":{"x":[0.58],"y":[1]},"o":{"x":[0.42],"y":[0]},"t":0,"s":[0],"e":[100]},{"t":8}],"ix":11},"r":{"a":0,"k":0,"ix":10},"p":{"a":1,"k":[{"i":{"x":0.58,"y":1},"o":{"x":0.42,"y":0},"t":0,"s":[160,285.5,0],"e":[160,255.5,0],"to":[0,-5,0],"ti":[0,5,0]},{"t":8}],"ix":2},"a":{"a":0,"k":[76.5,69.5,0],"ix":1},"s":{"a":0,"k":[100,100,100],"ix":6}},"ao":0,"ip":0,"op":500,"st":0,"bm":0},{"ddd":0,"ind":2,"ty":2,"nm":"jijiadao_machine_armor_pink_8.png","cl":"png","refId":"image_11","sr":1,"ks":{"o":{"a":1,"k":[{"i":{"x":[0.833],"y":[0.833]},"o":{"x":[0.167],"y":[0.167]},"t":4,"s":[0],"e":[100]},{"t":7}],"ix":11},"r":{"a":0,"k":0,"ix":10},"p":{"a":1,"k":[{"i":{"x":0.574,"y":1},"o":{"x":0.412,"y":0},"t":4,"s":[291.5,158.5,0],"e":[241.5,158.5,0],"to":[-3.532,0,0],"ti":[4.802,0,0]},{"t":13}],"ix":2},"a":{"a":0,"k":[52,94.5,0],"ix":1},"s":{"a":0,"k":[-100,100,100],"ix":6}},"ao":0,"ip":0,"op":500,"st":0,"bm":0},{"ddd":0,"ind":3,"ty":2,"nm":"jijiadao_machine_armor_pink_8.png","cl":"png","refId":"image_11","sr":1,"ks":{"o":{"a":1,"k":[{"i":{"x":[0.833],"y":[0.833]},"o":{"x":[0.167],"y":[0.167]},"t":4,"s":[0],"e":[100]},{"t":7}],"ix":11},"r":{"a":0,"k":0,"ix":10},"p":{"a":1,"k":[{"i":{"x":0.574,"y":1},"o":{"x":0.412,"y":0},"t":4,"s":[28.5,158.5,0],"e":[78.5,158.5,0],"to":[3.531,0,0],"ti":[-4.803,0,0]},{"t":13}],"ix":2},"a":{"a":0,"k":[52,94.5,0],"ix":1},"s":{"a":0,"k":[100,100,100],"ix":6}},"ao":0,"ip":0,"op":500,"st":0,"bm":0},{"ddd":0,"ind":4,"ty":0,"nm":"圆环","refId":"comp_5","sr":1,"ks":{"o":{"a":0,"k":100,"ix":11},"r":{"a":0,"k":0,"ix":10},"p":{"a":0,"k":[160,180,0],"ix":2},"a":{"a":0,"k":[160,180,0],"ix":1},"s":{"a":0,"k":[-100,100,100],"ix":6}},"ao":0,"w":320,"h":360,"ip":0,"op":500,"st":0,"bm":0},{"ddd":0,"ind":5,"ty":0,"nm":"圆环","refId":"comp_5","sr":1,"ks":{"o":{"a":0,"k":100,"ix":11},"r":{"a":0,"k":0,"ix":10},"p":{"a":0,"k":[160,180,0],"ix":2},"a":{"a":0,"k":[160,180,0],"ix":1},"s":{"a":0,"k":[100,100,100],"ix":6}},"ao":0,"w":320,"h":360,"ip":0,"op":500,"st":0,"bm":0},{"ddd":0,"ind":6,"ty":2,"nm":"jijiadao_machine_armor_pink_12.png","cl":"png","refId":"image_13","sr":1,"ks":{"o":{"a":1,"k":[{"i":{"x":[0.58],"y":[1]},"o":{"x":[0.167],"y":[0]},"t":9,"s":[0],"e":[100]},{"t":14}],"ix":11},"r":{"a":0,"k":0,"ix":10},"p":{"a":0,"k":[160,146,0],"ix":2},"a":{"a":0,"k":[126,136,0],"ix":1},"s":{"a":0,"k":[100,100,100],"ix":6}},"ao":0,"ip":0,"op":500,"st":0,"bm":0},{"ddd":0,"ind":7,"ty":2,"nm":"jijiadao_machine_armor_pink_11.png","cl":"png","refId":"image_14","sr":1,"ks":{"o":{"a":1,"k":[{"i":{"x":[0.58],"y":[1]},"o":{"x":[0.42],"y":[0]},"t":9,"s":[0],"e":[100]},{"t":14}],"ix":11},"r":{"a":0,"k":0,"ix":10},"p":{"a":0,"k":[160,144,0],"ix":2},"a":{"a":0,"k":[135,146.5,0],"ix":1},"s":{"a":0,"k":[100,100,100],"ix":6}},"ao":0,"ip":0,"op":500,"st":0,"bm":0},{"ddd":0,"ind":8,"ty":2,"nm":"jijiadao_machine_armor_pink_6.png","cl":"png","refId":"image_15","sr":1,"ks":{"o":{"a":1,"k":[{"i":{"x":[0.58],"y":[1]},"o":{"x":[0.42],"y":[0]},"t":6,"s":[0],"e":[100]},{"t":12}],"ix":11},"r":{"a":0,"k":0,"ix":10},"p":{"a":0,"k":[209,264,0],"ix":2},"a":{"a":0,"k":[28,28,0],"ix":1},"s":{"a":0,"k":[-100,100,100],"ix":6}},"ao":0,"ip":0,"op":500,"st":0,"bm":0},{"ddd":0,"ind":9,"ty":2,"nm":"jijiadao_machine_armor_pink_6.png","cl":"png","refId":"image_15","sr":1,"ks":{"o":{"a":1,"k":[{"i":{"x":[0.58],"y":[1]},"o":{"x":[0.42],"y":[0]},"t":6,"s":[0],"e":[100]},{"t":12}],"ix":11},"r":{"a":0,"k":0,"ix":10},"p":{"a":0,"k":[111,264,0],"ix":2},"a":{"a":0,"k":[28,28,0],"ix":1},"s":{"a":0,"k":[100,100,100],"ix":6}},"ao":0,"ip":0,"op":500,"st":0,"bm":0},{"ddd":0,"ind":10,"ty":2,"nm":"jijiadao_machine_armor_pink_7.png","cl":"png","refId":"image_16","sr":1,"ks":{"o":{"a":1,"k":[{"i":{"x":[0.58],"y":[1]},"o":{"x":[0.42],"y":[0]},"t":4,"s":[0],"e":[100]},{"t":9}],"ix":11},"r":{"a":1,"k":[{"i":{"x":[0.833],"y":[1]},"o":{"x":[0.167],"y":[0]},"t":4,"s":[0],"e":[0]},{"i":{"x":[0.58],"y":[1]},"o":{"x":[0.42],"y":[0]},"t":13,"s":[0],"e":[-30]},{"t":19}],"ix":10},"p":{"a":1,"k":[{"i":{"x":0.58,"y":1},"o":{"x":0.42,"y":0},"t":4,"s":[262,287,0],"e":[212,287,0],"to":[-8.333,0,0],"ti":[8.333,0,0]},{"t":13}],"ix":2},"a":{"a":0,"k":[108,217,0],"ix":1},"s":{"a":0,"k":[-100,100,100],"ix":6}},"ao":0,"ip":0,"op":500,"st":0,"bm":0},{"ddd":0,"ind":11,"ty":2,"nm":"jijiadao_machine_armor_pink_7.png","cl":"png","refId":"image_16","sr":1,"ks":{"o":{"a":1,"k":[{"i":{"x":[0.58],"y":[1]},"o":{"x":[0.42],"y":[0]},"t":4,"s":[0],"e":[100]},{"t":9}],"ix":11},"r":{"a":1,"k":[{"i":{"x":[0.833],"y":[1]},"o":{"x":[0.167],"y":[0]},"t":4,"s":[0],"e":[0]},{"i":{"x":[0.58],"y":[1]},"o":{"x":[0.42],"y":[0]},"t":13,"s":[0],"e":[30]},{"t":19}],"ix":10},"p":{"a":1,"k":[{"i":{"x":0.58,"y":1},"o":{"x":0.42,"y":0},"t":4,"s":[58,287,0],"e":[108,287,0],"to":[8.333,0,0],"ti":[-8.333,0,0]},{"t":13}],"ix":2},"a":{"a":0,"k":[108,217,0],"ix":1},"s":{"a":0,"k":[100,100,100],"ix":6}},"ao":0,"ip":0,"op":500,"st":0,"bm":0}]},{"id":"comp_5","layers":[{"ddd":0,"ind":1,"ty":2,"nm":"jijiadao_machine_armor_pink_9.png","cl":"png","refId":"image_12","sr":1,"ks":{"o":{"a":1,"k":[{"i":{"x":[0.58],"y":[1]},"o":{"x":[0.42],"y":[0]},"t":7,"s":[0],"e":[100]},{"t":17}],"ix":11},"r":{"a":0,"k":0,"ix":10},"p":{"a":0,"k":[100,167.5,0],"ix":2},"a":{"a":0,"k":[60.5,114.5,0],"ix":1},"s":{"a":0,"k":[100,100,100],"ix":6}},"ao":0,"ip":0,"op":500,"st":0,"bm":0}]},{"id":"comp_6","layers":[{"ddd":0,"ind":1,"ty":2,"nm":"jijiadao_machine_armor_pink_2.png","cl":"png","refId":"image_17","sr":1,"ks":{"o":{"a":1,"k":[{"i":{"x":[0.58],"y":[1]},"o":{"x":[0.42],"y":[0]},"t":0,"s":[0],"e":[100]},{"t":12}],"ix":11},"r":{"a":0,"k":0,"ix":10},"p":{"a":1,"k":[{"i":{"x":0.58,"y":1},"o":{"x":0.42,"y":0},"t":0,"s":[370,180,0],"e":[211,180,0],"to":[-26.5,0,0],"ti":[26.5,0,0]},{"t":12}],"ix":2},"a":{"a":0,"k":[51,180,0],"ix":1},"s":{"a":0,"k":[100,100,100],"ix":6}},"ao":0,"ip":0,"op":500,"st":0,"bm":0},{"ddd":0,"ind":2,"ty":2,"nm":"jijiadao_machine_armor_pink_1.png","cl":"png","refId":"image_18","sr":1,"ks":{"o":{"a":1,"k":[{"i":{"x":[0.58],"y":[1]},"o":{"x":[0.42],"y":[0]},"t":0,"s":[0],"e":[100]},{"t":12}],"ix":11},"r":{"a":0,"k":0,"ix":10},"p":{"a":1,"k":[{"i":{"x":0.58,"y":1},"o":{"x":0.42,"y":0},"t":0,"s":[435,180,0],"e":[276,180,0],"to":[-26.5,0,0],"ti":[26.5,0,0]},{"t":12}],"ix":2},"a":{"a":0,"k":[44.5,180,0],"ix":1},"s":{"a":0,"k":[100,100,100],"ix":6}},"ao":0,"ip":0,"op":500,"st":0,"bm":0}]}],"layers":[{"ddd":0,"ind":1,"ty":4,"nm":"形状图层 1","sr":1,"ks":{"o":{"a":1,"k":[{"i":{"x":[0.58],"y":[1]},"o":{"x":[0.42],"y":[0]},"t":12,"s":[0],"e":[100]},{"t":19}],"ix":11},"r":{"a":0,"k":0,"ix":10},"p":{"a":0,"k":[160,180,0],"ix":2},"a":{"a":0,"k":[9,1.5,0],"ix":1},"s":{"a":0,"k":[100,100,100],"ix":6}},"ao":0,"shapes":[{"ty":"gr","it":[{"ty":"rc","d":1,"s":{"a":0,"k":[320,360],"ix":2},"p":{"a":0,"k":[0,0],"ix":3},"r":{"a":0,"k":0,"ix":4},"nm":"矩形路径 1","mn":"ADBE Vector Shape - Rect","hd":false},{"ty":"fl","c":{"a":0,"k":[0,0,0,1],"ix":4},"o":{"a":0,"k":100,"ix":5},"r":1,"bm":0,"nm":"填充 1","mn":"ADBE Vector Graphic - Fill","hd":false},{"ty":"tr","p":{"a":0,"k":[9,1.5],"ix":2},"a":{"a":0,"k":[0,0],"ix":1},"s":{"a":0,"k":[100,100],"ix":3},"r":{"a":0,"k":0,"ix":6},"o":{"a":0,"k":100,"ix":7},"sk":{"a":0,"k":0,"ix":4},"sa":{"a":0,"k":0,"ix":5},"nm":"变换"}],"nm":"矩形 1","np":3,"cix":2,"bm":0,"ix":1,"mn":"ADBE Vector Group","hd":false}],"ip":0,"op":500,"st":0,"bm":0},{"ddd":0,"ind":2,"ty":0,"nm":"水晶钻","refId":"comp_0","sr":1,"ks":{"o":{"a":1,"k":[{"i":{"x":[0.58],"y":[1]},"o":{"x":[0.167],"y":[0]},"t":5,"s":[0],"e":[100]},{"t":10}],"ix":11},"r":{"a":0,"k":0,"ix":10},"p":{"a":0,"k":[160,147.5,0],"ix":2},"a":{"a":0,"k":[40,55,0],"ix":1},"s":{"a":1,"k":[{"i":{"x":[0.58,0.58,0.58],"y":[1,1,1]},"o":{"x":[0.167,0.167,0.167],"y":[0,0,0]},"t":5,"s":[50,50,100],"e":[100,100,100]},{"t":10}],"ix":6}},"ao":0,"w":80,"h":110,"ip":0,"op":500,"st":0,"bm":0},{"ddd":0,"ind":3,"ty":2,"nm":"jijiadao_machine_armor_pink_3.png","cl":"png","refId":"image_8","sr":1,"ks":{"o":{"a":1,"k":[{"i":{"x":[0.58],"y":[1]},"o":{"x":[0.42],"y":[0]},"t":0,"s":[0],"e":[100]},{"i":{"x":[0.833],"y":[1]},"o":{"x":[0.167],"y":[0]},"t":5,"s":[100],"e":[100]},{"t":12}],"ix":11},"r":{"a":0,"k":0,"ix":10},"p":{"a":1,"k":[{"i":{"x":0.58,"y":1},"o":{"x":0.42,"y":0},"t":0,"s":[160,-37,0],"e":[160,35,0],"to":[0,12,0],"ti":[0,-12,0]},{"i":{"x":0.568,"y":0.568},"o":{"x":0.175,"y":0.175},"t":5,"s":[160,35,0],"e":[160,35,0],"to":[0,0,0],"ti":[0,0,0]},{"t":12}],"ix":2},"a":{"a":0,"k":[100,35,0],"ix":1},"s":{"a":0,"k":[100,100,100],"ix":6}},"ao":0,"ip":0,"op":500,"st":0,"bm":0},{"ddd":0,"ind":4,"ty":2,"nm":"jijiadao_machine_armor_pink_4.png","cl":"png","refId":"image_9","sr":1,"ks":{"o":{"a":1,"k":[{"i":{"x":[0.58],"y":[1]},"o":{"x":[0.42],"y":[0]},"t":0,"s":[0],"e":[100]},{"i":{"x":[0.833],"y":[1]},"o":{"x":[0.167],"y":[0]},"t":5,"s":[100],"e":[100]},{"t":12}],"ix":11},"r":{"a":0,"k":0,"ix":10},"p":{"a":1,"k":[{"i":{"x":0.58,"y":1},"o":{"x":0.42,"y":0},"t":0,"s":[160,400,0],"e":[160,310,0],"to":[0,-15,0],"ti":[0,15,0]},{"i":{"x":0.568,"y":0.568},"o":{"x":0.175,"y":0.175},"t":5,"s":[160,310,0],"e":[160,310,0],"to":[0,0,0],"ti":[0,0,0]},{"t":12}],"ix":2},"a":{"a":0,"k":[87,50,0],"ix":1},"s":{"a":0,"k":[100,100,100],"ix":6}},"ao":0,"ip":0,"op":500,"st":0,"bm":0},{"ddd":0,"ind":5,"ty":0,"nm":"右","refId":"comp_2","sr":1,"ks":{"o":{"a":0,"k":100,"ix":11},"r":{"a":0,"k":0,"ix":10},"p":{"a":0,"k":[160,180,0],"ix":2},"a":{"a":0,"k":[160,180,0],"ix":1},"s":{"a":0,"k":[100,100,100],"ix":6}},"ao":0,"w":320,"h":360,"ip":0,"op":500,"st":0,"bm":0},{"ddd":0,"ind":6,"ty":4,"nm":"bg","sr":1,"ks":{"o":{"a":0,"k":100,"ix":11},"r":{"a":0,"k":0,"ix":10},"p":{"a":0,"k":[160,180,0],"ix":2},"a":{"a":0,"k":[10,-9,0],"ix":1},"s":{"a":0,"k":[100,100,100],"ix":6}},"ao":0,"shapes":[{"ty":"gr","it":[{"ty":"rc","d":1,"s":{"a":0,"k":[320,360],"ix":2},"p":{"a":0,"k":[0,0],"ix":3},"r":{"a":0,"k":0,"ix":4},"nm":"矩形路径 1","mn":"ADBE Vector Shape - Rect","hd":false},{"ty":"fl","c":{"a":0,"k":[0,0,0,1],"ix":4},"o":{"a":0,"k":100,"ix":5},"r":1,"bm":0,"nm":"填充 1","mn":"ADBE Vector Graphic - Fill","hd":false},{"ty":"tr","p":{"a":0,"k":[10,-9],"ix":2},"a":{"a":0,"k":[0,0],"ix":1},"s":{"a":0,"k":[100,100],"ix":3},"r":{"a":0,"k":0,"ix":6},"o":{"a":0,"k":100,"ix":7},"sk":{"a":0,"k":0,"ix":4},"sa":{"a":0,"k":0,"ix":5},"nm":"变换"}],"nm":"矩形 1","np":3,"cix":2,"bm":0,"ix":1,"mn":"ADBE Vector Group","hd":false}],"ip":0,"op":500,"st":0,"bm":0}],"markers":[]}