{"v":"5.6.6","fr":25,"ip":0,"op":30,"w":320,"h":360,"nm":"青春","ddd":0,"assets":[{"id":"image_0","w":67,"h":105,"u":"images/","p":"qingchun_0.png","e":0},{"id":"image_1","w":162,"h":144,"u":"images/","p":"qingchun_1.png","e":0},{"id":"image_2","w":233,"h":205,"u":"images/","p":"qingchun_2.png","e":0},{"id":"image_3","w":112,"h":101,"u":"images/","p":"qingchun_3.png","e":0},{"id":"image_4","w":320,"h":360,"u":"images/","p":"qingchun_4.png","e":0},{"id":"image_5","w":320,"h":360,"u":"images/","p":"qingchun_5.png","e":0},{"id":"image_6","w":320,"h":360,"u":"images/","p":"qingchun_6.png","e":0},{"id":"image_7","w":320,"h":360,"u":"images/","p":"qingchun_7.png","e":0},{"id":"image_8","w":320,"h":360,"u":"images/","p":"qingchun_8.png","e":0},{"id":"image_9","w":320,"h":360,"u":"images/","p":"qingchun_9.png","e":0},{"id":"image_10","w":320,"h":360,"u":"images/","p":"qingchun_10.png","e":0},{"id":"image_11","w":320,"h":360,"u":"images/","p":"qingchun_11.png","e":0},{"id":"image_12","w":320,"h":360,"u":"images/","p":"qingchun_12.png","e":0},{"id":"image_13","w":320,"h":360,"u":"images/","p":"qingchun_13.png","e":0},{"id":"image_14","w":320,"h":360,"u":"images/","p":"qingchun_14.png","e":0},{"id":"image_15","w":320,"h":360,"u":"images/","p":"qingchun_15.png","e":0},{"id":"image_16","w":320,"h":360,"u":"images/","p":"qingchun_16.png","e":0},{"id":"image_17","w":320,"h":360,"u":"images/","p":"qingchun_17.png","e":0},{"id":"image_18","w":320,"h":360,"u":"images/","p":"qingchun_18.png","e":0},{"id":"image_19","w":320,"h":360,"u":"images/","p":"qingchun_19.png","e":0},{"id":"image_20","w":320,"h":360,"u":"images/","p":"qingchun_20.png","e":0},{"id":"image_21","w":313,"h":323,"u":"images/","p":"qingchun_21.png","e":0},{"id":"comp_0","layers":[{"ddd":0,"ind":1,"ty":2,"nm":"1","refId":"image_0","sr":1,"ks":{"o":{"a":0,"k":100,"ix":11},"r":{"a":0,"k":0,"ix":10},"p":{"a":1,"k":[{"i":{"x":0.58,"y":1},"o":{"x":0.42,"y":0},"t":0,"s":[17.5,240.5,0],"e":[60.5,220.5,0],"to":[7.167,-3.333,0],"ti":[-7.167,3.333,0]},{"i":{"x":0.58,"y":0.58},"o":{"x":0.42,"y":0.42},"t":10,"s":[60.5,220.5,0],"e":[60.5,220.5,0],"to":[0,0,0],"ti":[0,0,0]},{"i":{"x":0.58,"y":1},"o":{"x":0.167,"y":0},"t":18,"s":[60.5,220.5,0],"e":[17.5,240.5,0],"to":[-7.167,3.333,0],"ti":[7.167,-3.333,0]},{"t":23}],"ix":2},"a":{"a":0,"k":[33.5,52.5,0],"ix":1},"s":{"a":0,"k":[100,100,100],"ix":6}},"ao":0,"ip":0,"op":81,"st":0,"bm":0},{"ddd":0,"ind":2,"ty":2,"nm":"2","refId":"image_1","sr":1,"ks":{"o":{"a":0,"k":100,"ix":11},"r":{"a":0,"k":0,"ix":10},"p":{"a":1,"k":[{"i":{"x":0.58,"y":1},"o":{"x":0.42,"y":0},"t":0,"s":[64,78,0],"e":[103,118,0],"to":[6.5,6.667,0],"ti":[-6.5,-6.667,0]},{"i":{"x":0.58,"y":0.58},"o":{"x":0.42,"y":0.42},"t":10,"s":[103,118,0],"e":[103,118,0],"to":[0,0,0],"ti":[0,0,0]},{"i":{"x":0.58,"y":1},"o":{"x":0.167,"y":0},"t":18,"s":[103,118,0],"e":[54,67,0],"to":[-8.167,-8.5,0],"ti":[8.167,8.5,0]},{"t":23}],"ix":2},"a":{"a":0,"k":[81,72,0],"ix":1},"s":{"a":0,"k":[100,100,100],"ix":6}},"ao":0,"ip":0,"op":81,"st":0,"bm":0},{"ddd":0,"ind":3,"ty":2,"nm":"3","refId":"image_2","sr":1,"ks":{"o":{"a":0,"k":100,"ix":11},"r":{"a":0,"k":0,"ix":10},"p":{"a":1,"k":[{"i":{"x":0.58,"y":1},"o":{"x":0.42,"y":0},"t":0,"s":[257.5,320.5,0],"e":[177.5,213.5,0],"to":[-13.333,-17.833,0],"ti":[13.333,17.833,0]},{"i":{"x":0.58,"y":0.58},"o":{"x":0.42,"y":0.42},"t":10,"s":[177.5,213.5,0],"e":[177.5,213.5,0],"to":[0,0,0],"ti":[0,0,0]},{"i":{"x":0.58,"y":1},"o":{"x":0.167,"y":0},"t":18,"s":[177.5,213.5,0],"e":[257.5,320.5,0],"to":[13.333,17.833,0],"ti":[-13.333,-17.833,0]},{"t":23}],"ix":2},"a":{"a":0,"k":[116.5,102.5,0],"ix":1},"s":{"a":0,"k":[100,100,100],"ix":6}},"ao":0,"ip":0,"op":81,"st":0,"bm":0},{"ddd":0,"ind":4,"ty":2,"nm":"4","refId":"image_3","sr":1,"ks":{"o":{"a":0,"k":100,"ix":11},"r":{"a":0,"k":0,"ix":10},"p":{"a":1,"k":[{"i":{"x":0.58,"y":1},"o":{"x":0.42,"y":0},"t":0,"s":[272,67.5,0],"e":[235,106.5,0],"to":[-6.167,6.5,0],"ti":[6.167,-6.5,0]},{"i":{"x":0.58,"y":0.58},"o":{"x":0.42,"y":0.42},"t":10,"s":[235,106.5,0],"e":[235,106.5,0],"to":[0,0,0],"ti":[0,0,0]},{"i":{"x":0.58,"y":1},"o":{"x":0.167,"y":0},"t":18,"s":[235,106.5,0],"e":[272,67.5,0],"to":[6.167,-6.5,0],"ti":[-6.167,6.5,0]},{"t":23}],"ix":2},"a":{"a":0,"k":[56,50.5,0],"ix":1},"s":{"a":0,"k":[100,100,100],"ix":6}},"ao":0,"ip":0,"op":81,"st":0,"bm":0},{"ddd":0,"ind":6,"ty":0,"nm":"合成 1","refId":"comp_1","sr":1,"ks":{"o":{"a":1,"k":[{"i":{"x":[0.833],"y":[0.833]},"o":{"x":[0.167],"y":[0.167]},"t":0,"s":[0],"e":[100]},{"i":{"x":[0.833],"y":[0.833]},"o":{"x":[0.167],"y":[0.167]},"t":5,"s":[100],"e":[100]},{"i":{"x":[0.833],"y":[0.833]},"o":{"x":[0.167],"y":[0.167]},"t":19,"s":[100],"e":[0]},{"t":23}],"ix":11},"r":{"a":0,"k":0,"ix":10},"p":{"a":0,"k":[160,180,0],"ix":2},"a":{"a":0,"k":[160,180,0],"ix":1},"s":{"a":0,"k":[58,58,100],"ix":6}},"ao":0,"w":320,"h":360,"ip":0,"op":250,"st":0,"bm":0}]},{"id":"comp_1","layers":[{"ddd":0,"ind":1,"ty":2,"nm":"合成 1_04.png","cl":"png","refId":"image_4","sr":1,"ks":{"o":{"a":0,"k":100,"ix":11},"r":{"a":1,"k":[{"i":{"x":[0.833],"y":[0.833]},"o":{"x":[0.167],"y":[0.167]},"t":0,"s":[-30],"e":[0]},{"t":4}],"ix":10},"p":{"a":0,"k":[160,180,0],"ix":2},"a":{"a":0,"k":[160,180,0],"ix":1},"s":{"a":0,"k":[100,100,100],"ix":6}},"ao":0,"ip":0,"op":5,"st":4,"bm":0},{"ddd":0,"ind":2,"ty":2,"nm":"合成 1_05.png","cl":"png","refId":"image_5","sr":1,"ks":{"o":{"a":0,"k":100,"ix":11},"r":{"a":0,"k":0,"ix":10},"p":{"a":0,"k":[160,180,0],"ix":2},"a":{"a":0,"k":[160,180,0],"ix":1},"s":{"a":0,"k":[100,100,100],"ix":6}},"ao":0,"ip":5,"op":6,"st":5,"bm":0},{"ddd":0,"ind":3,"ty":2,"nm":"合成 1_06.png","cl":"png","refId":"image_6","sr":1,"ks":{"o":{"a":0,"k":100,"ix":11},"r":{"a":0,"k":0,"ix":10},"p":{"a":0,"k":[160,180,0],"ix":2},"a":{"a":0,"k":[160,180,0],"ix":1},"s":{"a":0,"k":[100,100,100],"ix":6}},"ao":0,"ip":6,"op":7,"st":6,"bm":0},{"ddd":0,"ind":4,"ty":2,"nm":"合成 1_07.png","cl":"png","refId":"image_7","sr":1,"ks":{"o":{"a":0,"k":100,"ix":11},"r":{"a":0,"k":0,"ix":10},"p":{"a":0,"k":[160,180,0],"ix":2},"a":{"a":0,"k":[160,180,0],"ix":1},"s":{"a":0,"k":[100,100,100],"ix":6}},"ao":0,"ip":7,"op":8,"st":7,"bm":0},{"ddd":0,"ind":5,"ty":2,"nm":"合成 1_08.png","cl":"png","refId":"image_8","sr":1,"ks":{"o":{"a":0,"k":100,"ix":11},"r":{"a":0,"k":0,"ix":10},"p":{"a":0,"k":[160,180,0],"ix":2},"a":{"a":0,"k":[160,180,0],"ix":1},"s":{"a":0,"k":[100,100,100],"ix":6}},"ao":0,"ip":8,"op":9,"st":8,"bm":0},{"ddd":0,"ind":6,"ty":2,"nm":"合成 1_09.png","cl":"png","refId":"image_9","sr":1,"ks":{"o":{"a":0,"k":100,"ix":11},"r":{"a":0,"k":0,"ix":10},"p":{"a":0,"k":[160,180,0],"ix":2},"a":{"a":0,"k":[160,180,0],"ix":1},"s":{"a":0,"k":[100,100,100],"ix":6}},"ao":0,"ip":9,"op":10,"st":9,"bm":0},{"ddd":0,"ind":7,"ty":2,"nm":"合成 1_10.png","cl":"png","refId":"image_10","sr":1,"ks":{"o":{"a":0,"k":100,"ix":11},"r":{"a":0,"k":0,"ix":10},"p":{"a":0,"k":[160,180,0],"ix":2},"a":{"a":0,"k":[160,180,0],"ix":1},"s":{"a":0,"k":[100,100,100],"ix":6}},"ao":0,"ip":10,"op":11,"st":10,"bm":0},{"ddd":0,"ind":8,"ty":2,"nm":"合成 1_11.png","cl":"png","refId":"image_11","sr":1,"ks":{"o":{"a":0,"k":100,"ix":11},"r":{"a":0,"k":0,"ix":10},"p":{"a":0,"k":[160,180,0],"ix":2},"a":{"a":0,"k":[160,180,0],"ix":1},"s":{"a":0,"k":[100,100,100],"ix":6}},"ao":0,"ip":11,"op":12,"st":11,"bm":0},{"ddd":0,"ind":9,"ty":2,"nm":"合成 1_12.png","cl":"png","refId":"image_12","sr":1,"ks":{"o":{"a":0,"k":100,"ix":11},"r":{"a":0,"k":0,"ix":10},"p":{"a":0,"k":[160,180,0],"ix":2},"a":{"a":0,"k":[160,180,0],"ix":1},"s":{"a":0,"k":[100,100,100],"ix":6}},"ao":0,"ip":12,"op":13,"st":12,"bm":0},{"ddd":0,"ind":10,"ty":2,"nm":"合成 1_13.png","cl":"png","refId":"image_13","sr":1,"ks":{"o":{"a":0,"k":100,"ix":11},"r":{"a":0,"k":0,"ix":10},"p":{"a":0,"k":[160,180,0],"ix":2},"a":{"a":0,"k":[160,180,0],"ix":1},"s":{"a":0,"k":[100,100,100],"ix":6}},"ao":0,"ip":13,"op":14,"st":13,"bm":0},{"ddd":0,"ind":11,"ty":2,"nm":"合成 1_14.png","cl":"png","refId":"image_14","sr":1,"ks":{"o":{"a":0,"k":100,"ix":11},"r":{"a":0,"k":0,"ix":10},"p":{"a":0,"k":[160,180,0],"ix":2},"a":{"a":0,"k":[160,180,0],"ix":1},"s":{"a":0,"k":[100,100,100],"ix":6}},"ao":0,"ip":14,"op":15,"st":14,"bm":0},{"ddd":0,"ind":12,"ty":2,"nm":"合成 1_15.png","cl":"png","refId":"image_15","sr":1,"ks":{"o":{"a":0,"k":100,"ix":11},"r":{"a":0,"k":0,"ix":10},"p":{"a":0,"k":[160,180,0],"ix":2},"a":{"a":0,"k":[160,180,0],"ix":1},"s":{"a":0,"k":[100,100,100],"ix":6}},"ao":0,"ip":15,"op":16,"st":15,"bm":0},{"ddd":0,"ind":13,"ty":2,"nm":"合成 1_16.png","cl":"png","refId":"image_16","sr":1,"ks":{"o":{"a":0,"k":100,"ix":11},"r":{"a":0,"k":0,"ix":10},"p":{"a":0,"k":[160,180,0],"ix":2},"a":{"a":0,"k":[160,180,0],"ix":1},"s":{"a":0,"k":[100,100,100],"ix":6}},"ao":0,"ip":16,"op":17,"st":16,"bm":0},{"ddd":0,"ind":14,"ty":2,"nm":"合成 1_17.png","cl":"png","refId":"image_17","sr":1,"ks":{"o":{"a":0,"k":100,"ix":11},"r":{"a":0,"k":0,"ix":10},"p":{"a":0,"k":[160,180,0],"ix":2},"a":{"a":0,"k":[160,180,0],"ix":1},"s":{"a":0,"k":[100,100,100],"ix":6}},"ao":0,"ip":17,"op":18,"st":17,"bm":0},{"ddd":0,"ind":15,"ty":2,"nm":"合成 1_18.png","cl":"png","refId":"image_18","sr":1,"ks":{"o":{"a":0,"k":100,"ix":11},"r":{"a":0,"k":0,"ix":10},"p":{"a":0,"k":[160,180,0],"ix":2},"a":{"a":0,"k":[160,180,0],"ix":1},"s":{"a":0,"k":[100,100,100],"ix":6}},"ao":0,"ip":18,"op":19,"st":18,"bm":0},{"ddd":0,"ind":16,"ty":2,"nm":"合成 1_19.png","cl":"png","refId":"image_19","sr":1,"ks":{"o":{"a":0,"k":100,"ix":11},"r":{"a":0,"k":0,"ix":10},"p":{"a":0,"k":[160,180,0],"ix":2},"a":{"a":0,"k":[160,180,0],"ix":1},"s":{"a":0,"k":[100,100,100],"ix":6}},"ao":0,"ip":19,"op":20,"st":19,"bm":0},{"ddd":0,"ind":17,"ty":2,"nm":"合成 1_20.png","cl":"png","refId":"image_20","sr":1,"ks":{"o":{"a":1,"k":[{"i":{"x":[0.833],"y":[0.833]},"o":{"x":[0.167],"y":[0.167]},"t":21,"s":[100],"e":[0]},{"t":22}],"ix":11},"r":{"a":0,"k":0,"ix":10},"p":{"a":0,"k":[160,180,0],"ix":2},"a":{"a":0,"k":[160,180,0],"ix":1},"s":{"a":0,"k":[100,100,100],"ix":6}},"ao":0,"ip":20,"op":23,"st":20,"bm":0}]}],"layers":[{"ddd":0,"ind":1,"ty":4,"nm":"形状图层 1","td":1,"sr":1,"ks":{"o":{"a":0,"k":100,"ix":11},"r":{"a":0,"k":0,"ix":10},"p":{"a":0,"k":[160,180,0],"ix":2},"a":{"a":0,"k":[81.5,48,0],"ix":1},"s":{"a":0,"k":[100,100,100],"ix":6}},"ao":0,"shapes":[{"ty":"gr","it":[{"d":1,"ty":"el","s":{"a":0,"k":[234,234],"ix":2},"p":{"a":0,"k":[0,0],"ix":3},"nm":"椭圆路径 1","mn":"ADBE Vector Shape - Ellipse","hd":false},{"ty":"fl","c":{"a":0,"k":[0,0,0,1],"ix":4},"o":{"a":0,"k":100,"ix":5},"r":1,"bm":0,"nm":"填充 1","mn":"ADBE Vector Graphic - Fill","hd":false},{"ty":"tr","p":{"a":0,"k":[81.5,48],"ix":2},"a":{"a":0,"k":[0,0],"ix":1},"s":{"a":0,"k":[100,100],"ix":3},"r":{"a":0,"k":0,"ix":6},"o":{"a":0,"k":100,"ix":7},"sk":{"a":0,"k":0,"ix":4},"sa":{"a":0,"k":0,"ix":5},"nm":"变换"}],"nm":"椭圆 1","np":3,"cix":2,"bm":0,"ix":1,"mn":"ADBE Vector Group","hd":false}],"ip":0,"op":81,"st":0,"bm":0},{"ddd":0,"ind":2,"ty":0,"nm":"预合成 1","tt":1,"refId":"comp_0","sr":1,"ks":{"o":{"a":1,"k":[{"i":{"x":[0.833],"y":[0.833]},"o":{"x":[0.167],"y":[0.167]},"t":0,"s":[0],"e":[100]},{"t":1}],"ix":11},"r":{"a":0,"k":0,"ix":10},"p":{"a":0,"k":[160,177,0],"ix":2},"a":{"a":0,"k":[160,180,0],"ix":1},"s":{"a":0,"k":[100,100,100],"ix":6}},"ao":0,"w":320,"h":360,"ip":0,"op":81,"st":0,"bm":0},{"ddd":0,"ind":3,"ty":2,"nm":"组 1112","refId":"image_21","sr":1,"ks":{"o":{"a":1,"k":[{"i":{"x":[0.833],"y":[0.833]},"o":{"x":[0.167],"y":[0.167]},"t":0,"s":[0],"e":[100]},{"i":{"x":[0.833],"y":[0.833]},"o":{"x":[0.167],"y":[0.167]},"t":10,"s":[100],"e":[100]},{"i":{"x":[0.833],"y":[0.833]},"o":{"x":[0.167],"y":[0.167]},"t":25,"s":[100],"e":[0]},{"t":30}],"ix":11},"r":{"a":1,"k":[{"i":{"x":[0.291],"y":[1]},"o":{"x":[0.025],"y":[0.079]},"t":20,"s":[0],"e":[180]},{"t":30}],"ix":10},"p":{"a":0,"k":[159.5,182.5,0],"ix":2},"a":{"a":0,"k":[156.5,161.5,0],"ix":1},"s":{"a":0,"k":[100,100,100],"ix":6}},"ao":0,"ip":0,"op":81,"st":0,"bm":0},{"ddd":0,"ind":4,"ty":4,"nm":"形状图层 2","sr":1,"ks":{"o":{"a":1,"k":[{"i":{"x":[0.833],"y":[0.833]},"o":{"x":[0.167],"y":[0.167]},"t":25,"s":[100],"e":[0]},{"t":30}],"ix":11},"r":{"a":0,"k":0,"ix":10},"p":{"a":0,"k":[160,180,0],"ix":2},"a":{"a":0,"k":[4,-38,0],"ix":1},"s":{"a":0,"k":[100,100,100],"ix":6}},"ao":0,"shapes":[{"ty":"gr","it":[{"ty":"rc","d":1,"s":{"a":0,"k":[320,360],"ix":2},"p":{"a":0,"k":[0,0],"ix":3},"r":{"a":0,"k":0,"ix":4},"nm":"矩形路径 1","mn":"ADBE Vector Shape - Rect","hd":false},{"ty":"fl","c":{"a":0,"k":[0,0,0,1],"ix":4},"o":{"a":0,"k":100,"ix":5},"r":1,"bm":0,"nm":"填充 1","mn":"ADBE Vector Graphic - Fill","hd":false},{"ty":"tr","p":{"a":0,"k":[4,-38],"ix":2},"a":{"a":0,"k":[0,0],"ix":1},"s":{"a":0,"k":[100,100],"ix":3},"r":{"a":0,"k":0,"ix":6},"o":{"a":0,"k":100,"ix":7},"sk":{"a":0,"k":0,"ix":4},"sa":{"a":0,"k":0,"ix":5},"nm":"变换"}],"nm":"矩形 1","np":3,"cix":2,"bm":0,"ix":1,"mn":"ADBE Vector Group","hd":false}],"ip":0,"op":81,"st":0,"bm":0}],"markers":[]}