{"v":"5.6.6","fr":25,"ip":0,"op":24,"w":320,"h":360,"nm":"img_basics_light_4","ddd":0,"assets":[{"id":"image_0","w":122,"h":360,"u":"images/","p":"img_basics_light_3.png","e":0},{"id":"image_1","w":122,"h":360,"u":"images/","p":"img_basics_light_1.png","e":0},{"id":"image_2","w":57,"h":294,"u":"images/","p":"img_basics_light_2.png","e":0},{"id":"image_3","w":140,"h":180,"u":"images/","p":"img_basics_light_6.png","e":0},{"id":"image_4","w":56,"h":148,"u":"images/","p":"img_basics_light_5.png","e":0},{"id":"image_5","w":320,"h":360,"u":"images/","p":"img_basics_light_4.png","e":0},{"id":"comp_0","layers":[{"ddd":0,"ind":1,"ty":2,"nm":"img_basics_light_3.png","cl":"png","refId":"image_0","sr":1,"ks":{"o":{"a":1,"k":[{"i":{"x":[0.58],"y":[1]},"o":{"x":[0.42],"y":[0]},"t":0,"s":[0],"e":[100]},{"t":6}],"ix":11},"r":{"a":0,"k":0,"ix":10},"p":{"a":1,"k":[{"i":{"x":0.58,"y":1},"o":{"x":0.42,"y":0},"t":0,"s":[386,180,0],"e":[259,180,0],"to":[-21.167,0,0],"ti":[21.167,0,0]},{"t":10}],"ix":2},"a":{"a":0,"k":[61,180,0],"ix":1},"s":{"a":0,"k":[100,100,100],"ix":6}},"ao":0,"ip":0,"op":250,"st":0,"bm":0},{"ddd":0,"ind":2,"ty":2,"nm":"img_basics_light_1.png","cl":"png","refId":"image_1","sr":1,"ks":{"o":{"a":1,"k":[{"i":{"x":[0.58],"y":[1]},"o":{"x":[0.42],"y":[0]},"t":0,"s":[0],"e":[100]},{"t":6}],"ix":11},"r":{"a":0,"k":0,"ix":10},"p":{"a":1,"k":[{"i":{"x":0.58,"y":1},"o":{"x":0.42,"y":0},"t":0,"s":[386,180,0],"e":[259,180,0],"to":[-21.167,0,0],"ti":[21.167,0,0]},{"t":10}],"ix":2},"a":{"a":0,"k":[61,180,0],"ix":1},"s":{"a":0,"k":[100,100,100],"ix":6}},"ao":0,"ip":0,"op":250,"st":0,"bm":0},{"ddd":0,"ind":3,"ty":2,"nm":"img_basics_light_2.png","cl":"png","refId":"image_2","sr":1,"ks":{"o":{"a":1,"k":[{"i":{"x":[0.58],"y":[1]},"o":{"x":[0.42],"y":[0]},"t":0,"s":[0],"e":[100]},{"t":6}],"ix":11},"r":{"a":0,"k":0,"ix":10},"p":{"a":1,"k":[{"i":{"x":0.58,"y":1},"o":{"x":0.42,"y":0},"t":0,"s":[418.5,180,0],"e":[291.5,180,0],"to":[-21.167,0,0],"ti":[21.167,0,0]},{"t":10}],"ix":2},"a":{"a":0,"k":[28.5,147,0],"ix":1},"s":{"a":0,"k":[100,100,100],"ix":6}},"ao":0,"ip":0,"op":250,"st":0,"bm":0}]},{"id":"comp_1","layers":[{"ddd":0,"ind":1,"ty":0,"nm":"中间光","refId":"comp_2","sr":1,"ks":{"o":{"a":0,"k":100,"ix":11},"r":{"a":0,"k":0,"ix":10},"p":{"a":0,"k":[160,180,0],"ix":2},"a":{"a":0,"k":[160,180,0],"ix":1},"s":{"a":0,"k":[100,-100,100],"ix":6}},"ao":0,"w":320,"h":360,"ip":0,"op":250,"st":0,"bm":0},{"ddd":0,"ind":2,"ty":0,"nm":"中间光","refId":"comp_2","sr":1,"ks":{"o":{"a":0,"k":100,"ix":11},"r":{"a":0,"k":0,"ix":10},"p":{"a":0,"k":[160,180,0],"ix":2},"a":{"a":0,"k":[160,180,0],"ix":1},"s":{"a":0,"k":[100,100,100],"ix":6}},"ao":0,"w":320,"h":360,"ip":0,"op":250,"st":0,"bm":0},{"ddd":0,"ind":3,"ty":2,"nm":"img_basics_light_4.png","cl":"png","refId":"image_5","sr":1,"ks":{"o":{"a":1,"k":[{"i":{"x":[0.833],"y":[0.833]},"o":{"x":[0.167],"y":[0.167]},"t":13,"s":[100],"e":[0]},{"t":22}],"ix":11},"r":{"a":0,"k":0,"ix":10},"p":{"a":0,"k":[160,180,0],"ix":2},"a":{"a":0,"k":[160,180,0],"ix":1},"s":{"a":0,"k":[100,100,100],"ix":6}},"ao":0,"ip":0,"op":250,"st":0,"bm":0}]},{"id":"comp_2","layers":[{"ddd":0,"ind":1,"ty":2,"nm":"img_basics_light_6.png","cl":"png","td":1,"refId":"image_3","sr":1,"ks":{"o":{"a":0,"k":100,"ix":11},"r":{"a":0,"k":0,"ix":10},"p":{"a":0,"k":[160,90,0],"ix":2},"a":{"a":0,"k":[70,90,0],"ix":1},"s":{"a":0,"k":[100,100,100],"ix":6}},"ao":0,"ip":0,"op":250,"st":0,"bm":0},{"ddd":0,"ind":2,"ty":2,"nm":"img_basics_light_5.png","cl":"png","tt":1,"refId":"image_4","sr":1,"ks":{"o":{"a":0,"k":100,"ix":11},"r":{"a":0,"k":0,"ix":10},"p":{"a":1,"k":[{"i":{"x":0.833,"y":0.833},"o":{"x":0.167,"y":0.167},"t":12,"s":[160,106,0],"e":[160,254,0],"to":[0,24.667,0],"ti":[0,-24.667,0]},{"t":22}],"ix":2},"a":{"a":0,"k":[28,74,0],"ix":1},"s":{"a":0,"k":[100,100,100],"ix":6}},"ao":0,"ip":0,"op":250,"st":0,"bm":0}]}],"layers":[{"ddd":0,"ind":1,"ty":0,"nm":"两侧跑光","refId":"comp_0","sr":1,"ks":{"o":{"a":1,"k":[{"i":{"x":[0.58],"y":[1]},"o":{"x":[0.42],"y":[0]},"t":0,"s":[0],"e":[100]},{"i":{"x":[0.702],"y":[1]},"o":{"x":[0.375],"y":[0]},"t":5,"s":[100],"e":[100]},{"i":{"x":[0.676],"y":[1]},"o":{"x":[0.369],"y":[0]},"t":13,"s":[100],"e":[0]},{"t":21}],"ix":11},"r":{"a":0,"k":0,"ix":10},"p":{"a":0,"k":[160,180,0],"ix":2},"a":{"a":0,"k":[160,180,0],"ix":1},"s":{"a":0,"k":[-100,100,100],"ix":6}},"ao":0,"w":320,"h":360,"ip":0,"op":250,"st":0,"bm":0},{"ddd":0,"ind":2,"ty":0,"nm":"两侧跑光","refId":"comp_0","sr":1,"ks":{"o":{"a":1,"k":[{"i":{"x":[0.58],"y":[1]},"o":{"x":[0.42],"y":[0]},"t":1,"s":[0],"e":[100]},{"i":{"x":[0.698],"y":[1]},"o":{"x":[0.37],"y":[0]},"t":6,"s":[100],"e":[100]},{"i":{"x":[0.681],"y":[1]},"o":{"x":[0.375],"y":[0]},"t":13,"s":[100],"e":[0]},{"t":21}],"ix":11},"r":{"a":0,"k":0,"ix":10},"p":{"a":0,"k":[160,180,0],"ix":2},"a":{"a":0,"k":[160,180,0],"ix":1},"s":{"a":0,"k":[100,100,100],"ix":6}},"ao":0,"w":320,"h":360,"ip":0,"op":250,"st":0,"bm":0},{"ddd":0,"ind":3,"ty":0,"nm":"底图","refId":"comp_1","sr":1,"ks":{"o":{"a":0,"k":100,"ix":11},"r":{"a":0,"k":0,"ix":10},"p":{"a":0,"k":[160,180,0],"ix":2},"a":{"a":0,"k":[160,180,0],"ix":1},"s":{"a":0,"k":[100,100,100],"ix":6}},"ao":0,"w":320,"h":360,"ip":0,"op":250,"st":0,"bm":0},{"ddd":0,"ind":4,"ty":4,"nm":"形状图层 1","sr":1,"ks":{"o":{"a":0,"k":100,"ix":11},"r":{"a":0,"k":0,"ix":10},"p":{"a":0,"k":[160,180,0],"ix":2},"a":{"a":0,"k":[-43,-40,0],"ix":1},"s":{"a":0,"k":[100,100,100],"ix":6}},"ao":0,"shapes":[{"ty":"gr","it":[{"ty":"rc","d":1,"s":{"a":0,"k":[320,360],"ix":2},"p":{"a":0,"k":[0,0],"ix":3},"r":{"a":0,"k":0,"ix":4},"nm":"矩形路径 1","mn":"ADBE Vector Shape - Rect","hd":false},{"ty":"fl","c":{"a":0,"k":[0,0,0,1],"ix":4},"o":{"a":0,"k":100,"ix":5},"r":1,"bm":0,"nm":"填充 1","mn":"ADBE Vector Graphic - Fill","hd":false},{"ty":"tr","p":{"a":0,"k":[-43,-40],"ix":2},"a":{"a":0,"k":[0,0],"ix":1},"s":{"a":0,"k":[100,100],"ix":3},"r":{"a":0,"k":0,"ix":6},"o":{"a":0,"k":100,"ix":7},"sk":{"a":0,"k":0,"ix":4},"sa":{"a":0,"k":0,"ix":5},"nm":"变换"}],"nm":"矩形 1","np":3,"cix":2,"bm":0,"ix":1,"mn":"ADBE Vector Group","hd":false}],"ip":0,"op":250,"st":0,"bm":0}],"markers":[]}